radius_bin,insol_bin,st_Teff_bin,Source Pipeline,Full TOI ID,Planet Radius Value,Orbital Period Value,Effective Temperature Value,Effective Stellar Flux Value,Planet Equilibrium Temperature (K) Value,mass_flag,V mag,K_amp,TSM,t_HIRES,X,TIC,TSM_Vmag_priority,X_priority,vip_rank
1,1,1,,TRAPPIST-1 g,1.127,12.35294,2559.0,0.258,,1.0,,2.000039379990636,15.211928663404152,,,,1.0,1.0,
1,2,1,,TRAPPIST-1 c,1.056,2.4218233,2559.0,2.27,,1.0,,3.5455922912818885,20.917316036450238,,,,1.0,1.0,
1,3,1,spoc,455.01,1.368307,5.358807,3562.0,7.379878999999999,420.370338,0.0,10.59,2.2452084364494644,43.26958509470039,20192.80239654238,0.0021428221920355866,98796344.0,1.0,1.0,
1,3,1,,TRAPPIST-1 b,1.086,1.51087081,2559.0,4.25,,1.0,,2.555840069790413,43.22837206908054,,,,2.0,5.0,
1,3,1,,L 98-59 c,1.35,3.6904,3412.0,12.4,,1.0,,2.190115102684904,26.817915236319283,,,,3.0,3.0,
1,3,1,,LHS 1140 c,1.2819999999999998,3.7779309999999997,3216.0,6.16,,1.0,,2.3352286741476003,26.025546783527805,,,,,4.0,
1,3,1,spoc,2267.01,1.205886,3.4949589999999997,3022.0,6.069692,400.323809,0.0,15.56,2.2489034679696664,11.070861561015294,1957799.8815521512,5.654746261522027e-06,459837008.0,,2.0,
1,4,1,spoc,1827.01,1.333326,1.467126,3297.0,39.491955,639.362128,0.0,11.39,2.8771328423927995,44.5580435187865,25691.537616572423,0.0017343470906172687,390651552.0,1.0,1.0,
1,4,1,,GJ 1132 b,1.13,1.628931,3270.0,19.33377684980784,,1.0,,2.834932388233609,30.97113310498509,,,,3.0,4.0,
1,4,1,spoc,736.02,1.037152,0.947973,2940.0,17.930822,524.8313860000001,0.0,16.91,3.071173397587999,23.80547884157583,3639998.893726833,6.539968702353769e-06,181804752.0,2.0,3.0,
1,4,1,spoc,1640.01,1.2571620000000001,1.9495209999999998,3414.0,23.372508,560.7846030000001,0.0,13.304,2.8794845003392893,19.261237318747405,149513.50956641778,0.0001288260664511461,396562848.0,,2.0,
1,4,1,,GJ 3473 b,1.264,1.1980035,3347.0,59.4,,1.0,,2.2168812585274664,14.603304750950267,,,,,5.0,
1,5,1,spoc,732.01,1.134371,0.768418,3329.0,83.330451,770.585234,0.0,13.14,2.424885913180149,26.8688144524825,181270.5719441125,0.00014822491132629304,36724087.0,1.0,1.0,
1,5,1,,GJ 1252 b,1.193,0.5182349,3458.0,233.3154969625021,,1.0,,3.1771095249404753,20.133579487090884,,,,2.0,3.0,
1,5,1,,LTT 3780 b,1.332,0.7684479999999999,3331.0,106.0,,1.0,,3.3752580833711425,17.565450463857132,,,,3.0,4.0,
1,5,1,spoc,1442.01,1.1726729999999999,0.409072,3328.0,207.021779,967.439374,0.0,15.39,3.413090549920168,12.911523172915734,726798.9739553903,1.776491662150891e-05,235683377.0,,2.0,
1,6,1,spoc,1238.02,1.280385,0.764601,3853.0,399.25821,1140.074452,0.0,12.796,2.1378377752721374,5.748944449793475,169887.111673955,3.383979157186903e-05,153951307.0,1.0,1.0,
1,7,3,spoc,1798.02,1.279839,0.437783,5165.2,3369.723124,1943.2035899999998,0.0,11.361,2.0176840000694467,6.905485824580278,50863.19369167488,0.00013576587161318079,198153540.0,1.0,1.0,
2,1,1,,LHS 1140 b,1.727,24.736959,3216.0,0.503,,1.0,,4.813660976950953,58.48198884895911,,,,1.0,1.0,
2,2,1,spoc,732.02,1.785398,12.254218,3329.0,2.075964,306.14327599999996,0.0,13.14,2.428281848286167,109.49780240098123,180763.9152270865,0.0006057503360857366,36724087.0,1.0,1.0,
2,2,1,spoc,1633.01,1.9160279999999998,12.15828,3429.0,2.674152,326.149178,0.0,14.795,2.6783686729283147,43.039139983009385,682290.3248138084,6.308039029390374e-05,165551882.0,2.0,2.0,
2,3,1,spoc,1680.01,1.504177,4.802622,3231.0,4.4511389999999995,370.456769,0.0,15.87,3.3940833296265827,62.382791598024184,1143575.7170745598,5.45506437978666e-05,259168516.0,3.0,3.0,
2,3,1,spoc,1743.01,1.8228900000000001,4.266058,3281.0,8.954635000000001,441.196152,0.0,14.972,3.5167588889063444,62.16506953617212,465827.08716319595,0.00013345095476251999,219860288.0,2.0,1.0,
2,3,1,spoc,2291.01,1.924333,9.406193,3869.0,9.822241,451.515226,0.0,13.645,2.1836317395099902,31.378787934613335,355918.964934905,8.816273091924811e-05,236934937.0,1.0,2.0,
2,3,1,spoc,2096.01,1.471985,3.119035,3285.0,10.084743,454.50216500000005,0.0,15.92,3.355552143987842,7.483486001350002,1225129.3444662613,6.1083232028943445e-06,142748283.0,,4.0,
2,4,1,spoc,654.01,1.9082599999999998,1.527419,3433.0,45.576271999999996,662.680892,0.0,14.54,4.7520159039576235,83.87865864957044,171377.63894137158,0.0004894375903863712,35009898.0,2.0,2.0,
2,4,1,spoc,1467.01,1.827003,5.973383999999999,3834.0,18.079169,525.913556,0.0,12.293,2.277147970572103,61.002188254251436,94216.59867599818,0.0006474675281372881,240968774.0,1.0,1.0,
2,4,1,spoc,2266.01,1.698184,2.326214,3244.0,15.121514000000001,502.94277,0.0,16.54,4.512500423133358,60.22077908774681,1199155.2548999619,5.0219334687209175e-05,8348911.0,3.0,,
2,4,1,spoc,1695.01,1.819166,3.134319,3575.0,34.553345,618.36126,0.0,12.989,2.7112997486283192,57.20945017009263,126169.6384670548,0.00045343278196862763,422756130.0,,3.0,
2,4,1,spoc,1746.01,1.591893,2.525314,3340.0,26.102032,576.4854230000001,0.0,14.24,2.729271077485485,52.86785428977942,394109.20660406264,0.00013414518971867744,232650365.0,,,
2,4,1,spoc,1846.01,1.7517459999999998,3.9307019999999997,3512.0,17.741702,523.442003,0.0,13.970999999999998,2.765997039009843,51.47665695981876,299506.674096657,0.0001718714853853513,198385543.0,,5.0,
2,4,1,,TOI-1235 b,1.7380000000000002,3.444729,3872.0,53.6,,1.0,,3.9466040882831512,32.99046296666861,,,,,,
2,4,1,spoc,1468.02,1.452351,1.880305,3382.0,35.733782,623.576148,0.0,12.5,2.797071106960732,14.536521955808004,75561.9073565924,0.00019237897062612678,243185500.0,,4.0,
2,4,1,spoc,521.01,1.449216,1.542131,3439.0,33.449899,613.364239,0.0,14.691,3.8000199986685907,13.09099413115445,307991.0963680583,4.25044564129553e-05,27649847.0,,,
2,4,1,spoc,1693.01,1.4785469999999998,1.7668810000000001,3474.0,57.012676,700.829873,0.0,12.962,2.4890252050312243,11.490988042536353,146033.11098873787,7.868755219097224e-05,353475866.0,,,
2,4,1,spoc,1730.02,1.440684,2.155669,3691.0,67.449404,730.91063,0.0,12.23,2.0261547027468843,9.243456248826446,112296.11259851886,8.231323449168412e-05,318022259.0,,,
2,4,2,spoc,1235.01,1.7265,3.444703,3912.0,57.870342,703.4508559999999,0.0,11.495,2.140140848284838,62.67913461208031,51147.5945121519,0.0012254561570278477,103633434.0,1.0,1.0,
2,4,3,,HD 23472 b,1.872,17.667,4826.33,17.834524818152236,,1.0,,5.339411721045244,13.245104946737712,,,,1.0,1.0,
2,5,1,spoc,2445.01,1.530573,0.371095,3333.0,204.51583300000001,964.4983369999999,0.0,15.692,6.738794521249343,106.07124916668306,246232.57002409943,0.00043077668058413875,439867639.0,3.0,3.0,
2,5,1,spoc,1634.01,1.830385,0.9893299999999999,3455.0,122.215026,848.009858,0.0,13.217,4.314690965379168,104.56491829997569,61462.54447249307,0.0017012787088040691,201186294.0,2.0,1.0,
2,5,1,spoc,1285.01,1.866263,1.2284389999999998,3526.0,118.280235,841.1003119999999,0.0,13.152,3.8036741382953347,81.74317169319364,74490.91668450998,0.001097357575010105,274662200.0,1.0,2.0,
2,5,1,spoc,1752.01,1.7365990000000002,0.935183,3652.0,194.174669,952.067834,0.0,14.62,3.6999587697045615,35.805112546682075,304309.9530969806,0.0001176600113873743,287139872.0,,4.0,
2,5,1,spoc,1685.01,1.468637,0.6691739999999999,3457.0,204.679022,964.69068,0.0,13.378,3.3951646875216146,12.834441780944262,115129.92871517959,0.00011147789218818541,28900646.0,,5.0,
2,5,1,spoc,2079.01,1.395204,1.4923540000000002,3577.0,84.670511,773.664724,0.0,12.816,2.3188438029011844,9.566430472581297,147084.5089918009,6.504036718859748e-05,224298134.0,,,
2,5,2,,GJ 9827 b,1.577,1.2089819,4340.0,315.0,,1.0,,4.10492776887484,83.54539226882838,,,,3.0,3.0,
2,5,2,spoc,1782.02,1.847739,1.8289810000000002,4336.0,213.53092,974.955834,0.0,12.329,2.7636944211769165,41.44115166377855,66119.5489829053,0.0006267609549861394,160045097.0,2.0,1.0,
2,5,2,spoc,1757.01,1.71576,2.1257490000000003,4428.0,209.873295,970.7536779999999,0.0,12.166,2.2883498238300737,32.63893926037272,82997.5157035414,0.00039325200258951917,367753709.0,1.0,2.0,
2,5,3,,HD 219134 b,1.602,3.092926,4699.0,176.2,,1.0,,2.398367164714751,292.01804410921267,,,,1.0,2.0,
2,5,3,,HD 15337 b,1.64,4.75615,5125.0,160.32786423136815,,1.0,,3.068858989128096,30.609283723323355,,,,2.0,1.0,
2,5,3,,K2-216 b,1.75,2.1748,4503.0,248.0,,1.0,,5.017284207927495,14.649142808690055,,,,3.0,3.0,
2,6,1,spoc,2290.01,1.485881,0.38623,3863.0,873.59055,1386.5857460000002,0.0,12.635,3.648136408159203,10.946557577540014,50299.977260725726,0.0002176254975384869,321688498.0,1.0,1.0,
2,6,2,spoc,2411.01,1.747271,0.7827649999999999,4099.0,651.9082070000001,1288.743126,0.0,11.272,3.474545778387249,65.66517843755726,15802.06522758276,0.004155480786330234,10837041.0,1.0,1.0,
2,6,2,spoc,1242.01,1.6836389999999999,0.381481,4255.0,1840.065132,1670.4291050000002,0.0,12.777,4.0382212213386,48.79064097197105,46787.48627949411,0.0010428138985819992,198212955.0,2.0,2.0,
2,6,3,spoc,1807.01,1.525893,0.549343,4612.99,1592.916641,1611.268853,0.0,10.0,2.842960037930563,116.77470510492601,7314.226685996608,0.015965420558880963,180695581.0,2.0,1.0,
2,6,3,spoc,1416.01,1.7707560000000002,1.069606,4946.0,945.960557,1414.451324,0.0,9.91,2.7357778081059116,98.54867957754648,7270.232195692103,0.013555093829869757,158025009.0,1.0,2.0,
2,6,3,spoc,1347.01,1.8812520000000001,0.8474389999999999,5300.0,1876.079661,1678.543375,0.0,11.168,2.949520742744573,49.65079442754279,19925.398540930946,0.0024918344456473303,229747848.0,3.0,3.0,
2,6,3,spoc,1436.01,1.7178360000000001,0.867492,5011.22,1118.225214,1474.864321,0.0,12.005999999999998,2.736771759604733,45.030155839757555,50076.36158569028,0.0008992297845501874,154383539.0,,4.0,
2,6,3,,CoRoT-7 b,1.681,0.85359163,5275.0,1761.606745580432,,1.0,,3.142368155661583,33.48353034838892,,,,,5.0,
2,6,3,,K2-265 b,1.71,2.3691720000000003,5477.0,677.7062090613953,,1.0,,3.3222898302332,16.174281899469307,,,,,,
2,6,4,,HD 3167 b,1.7,0.959624,5528.0,1625.0,,1.0,,3.3975717076311143,91.73142906211069,,,,2.0,2.0,
2,6,4,spoc,1449.02,1.62458,2.3689,5780.0,428.0518,1160.095739,0.0,12.52,2.235145438905819,71.46567594762026,120530.8865962659,0.0005929241704410917,356158613.0,1.0,1.0,
2,6,4,,K2-291 b,1.589,2.225177,5520.0,633.0,,1.0,,3.342348473227443,23.763364470334178,,,,3.0,4.0,
2,6,4,,K2-111 b,1.82,5.3518,5775.0,488.5559559287893,,1.0,,2.176139372912405,13.392857698653064,,,,,3.0,
2,7,3,spoc,1773.01,1.79818,0.73665,5250.0,2132.93,1893.0,0.0,5.95084,2.9997661100298347,455.23953957760284,157.71432352601832,2.8864818958723264,332064670.0,1.0,1.0,
2,7,3,,55 Cnc e,1.91,0.736539,5196.0,2415.7354601676293,,1.0,,6.103360655604157,267.24007675925776,,,,3.0,4.0,
2,7,3,spoc,561.02,1.55421,0.446547,5391.0,4628.630447,2103.695493,0.0,10.252,2.6617643247241713,78.27658645688916,10523.754937087604,0.00743808525805066,377064495.0,2.0,2.0,
2,7,3,spoc,2260.01,1.5937940000000002,0.352444,5432.0,6839.783944,2319.425061,0.0,10.474,2.9724947786155513,76.28363986748808,10353.036028809436,0.007368238616693043,232568235.0,,3.0,
2,7,3,,K2-141 b,1.51,0.28032440000000003,4599.0,3319.125844761676,,1.0,,6.247721995313027,59.485544934330655,,,,,,
2,7,3,,K2-131 b,1.7,0.36930999999999997,5245.0,4228.009025914707,,1.0,,6.318410722476647,30.18032240176074,,,,,5.0,
2,7,4,,HD 213885 b,1.745,1.008035,5978.0,3423.928619492173,,1.0,,5.392582918935554,58.12695943225385,,,,1.0,2.0,
2,7,4,,HD 80653 b,1.6130000000000002,0.7195729999999999,5838.0,5625.492666489043,,1.0,,3.585025530752592,33.253837102070854,,,,2.0,3.0,
2,7,4,,EPIC 220674823 b,1.82,0.571331,5617.0,4293.0,,1.0,,6.082153803218567,16.681890059826767,,,,3.0,1.0,
2,7,4,,WASP-47 e,1.81,0.789592,5552.0,4895.0,,1.0,,4.611562314067222,13.938253679126609,,,,,4.0,
3,2,1,spoc,736.01,2.019085,4.990069999999999,2940.0,1.9581810000000002,301.705315,0.0,16.91,7.559481207718235,156.37560792342086,600794.4923506479,0.000260281360622317,181804752.0,3.0,4.0,
3,2,1,spoc,1760.01,2.643702,11.062666,3212.0,1.762886,293.883894,0.0,13.99,5.816127769380632,106.77485028136853,68935.36017472515,0.0015489126336721028,420112587.0,2.0,1.0,
3,2,1,spoc,1468.01,2.333273,15.531925,3382.0,2.140013,308.477758,0.0,12.5,3.0978300659318787,88.32302789250915,61601.9904730714,0.0014337690586657024,243185500.0,1.0,2.0,
3,2,1,,LTT 3780 c,2.3,12.2519,3331.0,2.63,,1.0,,4.401910008210066,72.59169266263781,,,,,,
3,2,1,spoc,1452.01,2.012153,11.061967,3248.0,2.022509,304.153187,0.0,14.354,3.427754882843154,72.29444983504588,277517.5225899577,0.0002605040905538191,420112589.0,,3.0,
3,2,1,spoc,782.01,2.003358,16.047204,3331.0,1.455555,280.141151,0.0,14.83,2.6873702203740595,53.628743126749654,699930.5112643621,7.662009622908723e-05,429358906.0,,5.0,
3,2,1,,K2-18 b,2.37,32.939623,3457.0,1.005,,1.0,,3.522417495606457,35.203684441618705,,,,,,
3,3,1,spoc,1276.01,2.337752,6.264298,3145.0,2.768842,328.99879,0.0,15.48,6.62772970104109,147.86918132873305,209401.77067514477,0.0007061505776764885,43064903.0,2.0,2.0,
3,3,1,spoc,2120.01,2.581596,5.79981,3179.0,3.7367169999999996,354.60292400000003,0.0,15.648,7.261533173759519,121.84265920538282,203635.39845518014,0.0005983373231260684,389900760.0,3.0,3.0,
3,3,1,spoc,2136.01,2.207098,7.851706,3384.0,4.890636,379.281006,0.0,14.32,3.746558985119797,79.10118365805386,225135.91272595173,0.0003513485818423839,336128819.0,1.0,5.0,
3,3,1,spoc,1266.01,2.4115830000000003,10.895412,3618.0,5.513363,390.817398,0.0,12.941,3.248882804945974,71.01123206397332,84070.15247175159,0.0008446663884406991,467179528.0,,1.0,
3,3,1,spoc,233.01,2.077825,11.671061,3644.0,4.02056,361.153126,0.0,13.342,2.933227347486999,66.13867524385262,149217.05878928368,0.0004432380304268703,415969908.0,,4.0,
3,3,1,spoc,2096.02,2.077026,6.387611,3285.0,3.877697,357.90126200000003,0.0,15.92,4.744678471278704,61.14321497255657,612768.3868554024,9.978193438850624e-05,142748283.0,,,
3,3,1,spoc,2068.01,2.140341,7.76887,3700.0,12.658244,481.075358,0.0,13.007,2.5595910747564177,44.70871555563217,143935.77547674876,0.000310615727101525,417931300.0,,,
3,3,1,spoc,1802.01,2.506646,16.796111,3859.0,5.9204,397.839148,0.0,12.763,2.4829271372579593,38.273625732483744,122174.89540950056,0.00031326915078748257,138762614.0,,,
3,3,1,,TOI-1266 b,2.37,10.894843,3600.0,4.9,,1.0,,6.643071870361428,33.41476336079892,,,,,,
3,3,1,,K2-3 b,1.98,10.054625999999999,3896.0,5.8,,1.0,,2.7035602292434526,31.85306712283293,,,,,,
3,3,1,,K2-146 c,2.19,4.004980000000001,3385.0,11.028721396154111,,1.0,,6.326879907063631,30.14117295316982,,,,,,
3,3,1,spoc,2084.01,2.56122,6.078304,3630.0,13.290279,486.97120099999995,0.0,15.115,4.160954868329219,29.508927744318978,379598.00010846334,7.773731088121468e-05,441738827.0,,,
3,3,1,spoc,1754.01,2.463352,16.216178,3849.0,6.3052019999999995,404.151779,0.0,13.261,2.413520436825656,28.448221258216556,204553.99460440836,0.00013907438626771,332477926.0,,,
3,3,1,spoc,2084.02,2.578147,8.149028,3630.0,8.990203999999999,441.633629,0.0,15.115,3.816060225654963,26.9917676778152,451314.7067161682,5.980697565610314e-05,441738827.0,,,
3,3,3,,GJ 143 b,2.61,35.61253,4640.0,5.442813445448768,,1.0,,5.4516360937197375,53.611697206081274,,,,1.0,1.0,
3,3,3,,HD 23472 c,2.149,29.625,4826.33,8.952290005861336,,1.0,,4.308704543749124,17.592603424205876,,,,2.0,2.0,
3,4,1,spoc,1730.01,2.299128,6.222236,3691.0,16.411904,513.345186,0.0,12.23,3.149983731204975,79.04770689801602,46461.50832847557,0.0017013590333564107,318022259.0,1.0,1.0,
3,4,1,spoc,1243.01,2.3603099999999997,4.6596720000000005,3489.0,17.265635,519.8947019999999,0.0,13.427,3.823311565694487,71.57466746987149,94979.64566757416,0.0007535790112376353,219698776.0,2.0,5.0,
3,4,1,spoc,1470.01,2.165498,2.527083,3624.0,45.365596999999994,661.913755,0.0,13.459,4.053015161887744,67.21856697708967,87046.9321145199,0.0007722106379195096,284441182.0,3.0,4.0,
3,4,1,spoc,663.01,2.224192,2.5986540000000002,3719.0,47.520469,669.63775,0.0,13.667,3.9269148383988375,58.61706273407798,112307.03463634313,0.0005219358068164076,54962195.0,,,
3,4,1,spoc,663.02,2.328341,4.698465000000001,3719.0,21.574328,549.672574,0.0,13.667,3.4841910968322485,51.065173465994086,142661.23945335325,0.0003579470756153857,54962195.0,,,
3,4,1,spoc,1732.01,2.539205,4.121356,3876.0,44.215291,657.67733,0.0,12.889,3.874242891554808,49.86192347099154,56355.49080942053,0.0008847748951315405,470987100.0,,2.0,
3,4,1,spoc,1238.01,2.288668,3.293706,3853.0,56.96226600000001,700.674906,0.0,12.796,3.5267109305286355,49.854376094769265,62426.674217925996,0.0007986069531869029,153951307.0,,3.0,
3,4,1,spoc,557.01,2.400484,3.3454309999999996,3883.0,48.623961,673.491833,0.0,13.343,3.7121572232747257,49.7430475053373,93251.79546914408,0.0005334272359591906,55488511.0,,,
3,4,1,spoc,2293.01,2.060412,6.0689470000000005,3668.0,15.177357999999998,503.406474,0.0,13.683,2.7466309467279664,39.872304195219776,232974.9934467903,0.00017114413699651548,71347873.0,,,
3,4,1,,K2-146 b,2.05,2.6446,3385.0,20.7,,1.0,,5.5971082428054615,36.85322609379007,,,,,,
3,4,1,spoc,1756.01,2.001922,2.782912,3756.0,55.585021999999995,696.4006929999999,0.0,13.88,3.1473609458411542,35.792980838875664,212724.16279447768,0.00016826006208545694,364074068.0,,,
3,4,1,spoc,1763.01,1.974957,3.7978739999999998,3520.0,22.374602,554.700529,0.0,15.63,3.1005095875480064,30.371722408562782,1098610.5593638702,2.7645576632859744e-05,441739871.0,,,
3,4,1,spoc,2072.01,2.314762,3.167896,3546.0,19.599420000000002,536.636931,0.0,13.7965,4.257818179604384,,107630.58538243755,,900715901.0,,,
3,4,2,spoc,2018.01,2.6050869999999997,7.4371149999999995,4218.9,26.068541,576.300415,0.0,10.25,3.1638730589161286,133.62191291516586,7434.843400410681,0.017972391040245037,357501308.0,1.0,1.0,
3,4,2,spoc,1260.02,2.675979,7.491237,4225.0,32.221743,607.654902,0.0,11.922,3.3071315286022562,50.07784521357754,31740.005003003113,0.0015777516483957508,355867695.0,2.0,2.0,
3,4,2,spoc,1782.01,2.564396,4.987638,4336.0,56.046246999999994,697.840843,0.0,12.329,3.45340120164505,45.42040934366884,42346.33751188368,0.0010725935703630209,160045097.0,3.0,3.0,
3,4,2,spoc,2075.01,2.102872,4.798307,4065.0,47.339728,669.000109,0.0,12.389,2.5995983680662285,38.25265624911033,78976.41483762745,0.0004843554411498212,23814735.0,,4.0,
3,4,2,spoc,1749.01,2.067921,4.488976,3959.0,36.155621999999994,625.4084,0.0,13.86,2.839578265659495,29.91911497121015,256567.85268744233,0.00011661287514324096,233602827.0,,5.0,
3,4,2,spoc,1749.02,2.310225,9.044417,3959.0,14.207951999999999,495.16805300000004,0.0,13.86,2.7142341850733334,27.358613303604113,280811.7617453968,9.742687818186655e-05,233602827.0,,,
3,4,2,spoc,2083.01,2.5675169999999996,17.969235,4410.0,14.15787,494.73112000000003,0.0,12.872,2.235490463225314,18.386099334643202,166634.25465994232,0.00011033805367428507,233633993.0,,,
3,4,3,,HD 97658 b,2.354,9.4909,5175.0,49.48884798862418,,1.0,,2.904666565597138,143.4654782411454,,,,3.0,,
3,4,3,spoc,461.01,2.56584,14.490034,4884.0,29.483107,594.310035,0.0,9.78,2.4033506111283747,78.54607168802012,8357.486079121014,0.0093982892635917,4646810.0,1.0,1.0,
3,4,3,spoc,1184.01,2.39336,5.748418,4534.0,57.763164,703.1249240000001,0.0,10.988,2.840018894147351,69.90177139641321,18208.218970462593,0.003839022998889018,233087860.0,2.0,3.0,
3,4,3,spoc,1255.01,2.550421,10.288910000000001,5126.0,59.759036,709.121488,0.0,9.92,2.298211450872631,64.43672249193753,10397.524630353004,0.006197313762915304,237222864.0,,2.0,
3,4,3,spoc,1453.01,2.312694,6.588694,4920.0,64.237718,722.0500059999999,0.0,11.113,2.3660270859190398,57.211954046772796,29435.437972469015,0.0019436420174988793,198390247.0,,5.0,
3,4,3,,HD 15337 c,2.39,17.1784,5125.0,28.931622056161576,,1.0,,2.1599753487382225,57.17752499413977,,,,,,
3,4,3,spoc,1301.01,2.485496,6.096347,4820.4,69.86427900000001,737.366742,0.0,11.337,2.801488005337756,50.419965753083396,25806.695143568017,0.0019537552357086654,356867115.0,,4.0,
3,4,3,spoc,1459.01,2.494909,9.155934,5219.0,66.150401,727.365787,0.0,11.031,2.2513062668376573,44.15762198564521,30146.768479348328,0.001464754738667756,16920150.0,,,
3,4,3,spoc,1244.01,2.528833,6.400148000000001,4599.0,56.438435,699.058451,0.0,11.929,2.9654299883372697,41.67233362538783,39731.46473511142,0.0010488496687251813,219850915.0,,,
3,4,3,,TOI-763 c,2.63,12.2737,5450.0,62.51498924353498,,1.0,,2.736209690454553,40.24098150508115,,,,,,
3,4,3,,HIP 116454 b,2.466,9.1205,5089.0,49.19477096832768,,1.0,,4.485826799648388,40.229560769461976,,,,,,
3,4,3,spoc,1798.01,2.387534,8.018944,5165.2,69.78833900000001,737.166286,0.0,11.361,2.2092790271513763,39.07427349814267,42423.72380014869,0.0009210477062837589,198153540.0,,,
3,4,3,spoc,2256.01,2.2841549999999997,13.961418,5270.9,46.758984000000005,666.938848,0.0,11.218,2.0495976998329675,33.383726174592944,43208.84685994644,0.0007726132169830909,262880065.0,,,
3,4,3,,Kepler-102 e,2.22,16.1457,4909.0,20.385,,1.0,,2.6047117582282784,16.273761426795318,,,,,,
3,4,3,,K2-110 b,2.56,13.86387,4950.0,25.790298606095963,,1.0,,5.394667145022591,14.482949970415726,,,,,,
3,4,3,,Kepler-80 b,2.67,7.052460000000001,4540.0,54.382,,1.0,,2.8553211863730805,13.615491150907806,,,,,,
3,4,4,,HD 136352 c,2.608,27.5909,5850.0,36.0,,1.0,,2.5487558863434017,181.80873137665637,,,,1.0,1.0,
3,4,4,,Kepler-96 b,2.67,16.2385,5690.0,57.523999999999994,,1.0,,2.140123866656196,29.964089995241768,,,,2.0,3.0,
3,4,4,,K2-292 b,2.63,16.9841,5725.0,67.0,,1.0,,6.1057041296186405,11.325664489544563,,,,3.0,2.0,
3,5,1,spoc,1724.01,1.980636,0.685081,3541.0,170.829533,922.062773,0.0,14.736,6.4878371494560705,89.88009100755097,110131.1174672783,0.0008161189414450078,81212286.0,2.0,1.0,
3,5,1,spoc,1289.01,2.201489,0.581322,3446.0,194.51781599999998,952.488181,0.0,15.73,8.098927977816802,84.92031650464857,176544.76836818704,0.0004810129311084758,408203470.0,3.0,3.0,
3,5,1,spoc,1284.01,2.558112,1.283251,3855.0,172.02529099999998,923.672099,0.0,14.182,6.194851445556747,52.67433242128192,72518.3866487956,0.0007263583051893053,267561446.0,1.0,2.0,
3,5,2,spoc,1683.01,2.390933,3.057601,4402.0,122.33382399999999,848.215857,0.0,10.97,3.5894823850368676,89.96943211995874,11211.049584122948,0.008025067719562419,58542531.0,1.0,1.0,
3,5,2,spoc,2274.01,2.0473,2.6797169999999997,3943.0,83.703633,771.4465230000001,0.0,11.995,3.1060120676893046,68.52297014844281,38486.07738097649,0.0017804612683732074,289164482.0,3.0,4.0,
3,5,2,spoc,1260.01,2.40109,3.12716,4225.0,103.280979,813.064195,0.0,11.922,3.6803831522967667,58.19918520542617,25628.539538354573,0.0022708740433034728,355867695.0,2.0,2.0,
3,5,2,spoc,1466.01,2.36637,1.871892,4201.0,233.875718,997.392351,0.0,12.189,4.260151058358091,53.202086548846225,24460.19577036184,0.0021750474545796823,237086564.0,,3.0,
3,5,2,spoc,1887.01,2.642185,2.200145,4250.0,164.327609,913.1610599999999,0.0,13.418,4.720661041065013,37.3241250804266,61788.0217357016,0.0006040673261895424,229586455.0,,5.0,
3,5,3,spoc,1835.01,2.34,5.64196,5297.0,119.41711799999999,843.1141849999999,0.0,8.419,2.3358220898642665,162.3264179330453,2525.9828855756105,0.06426267527780775,347332255.0,1.0,1.0,
3,5,3,spoc,544.01,2.3226419999999997,1.548214,4665.0,323.377022,1081.551089,0.0,10.777,4.061885068285758,138.15740460835565,7329.167794924398,0.018850353610956015,50618703.0,3.0,2.0,
3,5,3,spoc,1430.01,2.229178,7.434007000000001,5064.0,72.54644,744.344144,0.0,9.19,2.0531977439794935,97.36625675264416,6650.409217537028,0.01464064143540082,293954617.0,2.0,3.0,
3,5,3,,TOI-421 b,2.68,5.19672,5325.0,154.57,,1.0,,2.9551573923380263,88.60413680389918,,,,,,
3,5,3,spoc,2279.01,2.28867,3.1433619999999998,4962.0,221.933632,984.4088960000001,0.0,11.255999999999998,2.930166781050166,56.881395700845005,21894.006627696548,0.00259803500876301,115623434.0,,4.0,
3,5,3,spoc,556.01,1.9561099999999998,2.2941849999999997,5062.0,304.47891400000003,1065.391077,0.0,12.178,2.619521112369083,39.46413182850003,64042.181947206496,0.0006162209129762708,59003115.0,,,
3,5,3,spoc,1346.01,2.283409,5.5025379999999995,4965.0,102.66488199999999,811.8489400000001,0.0,11.693,2.4334500065083375,38.670709287852716,47475.01049488235,0.0008145487254188452,219852882.0,,5.0,
3,5,3,spoc,2078.01,2.538544,6.277248,5244.0,105.27802700000001,816.9663780000001,0.0,12.026,2.615820008477388,35.91267775517288,55833.41751472137,0.0006432111691121886,159244568.0,,,
3,5,3,spoc,1446.01,2.224311,6.31719,5180.0,108.319231,822.8035219999999,0.0,11.577,2.113507310456768,32.66159094700036,56559.0905442832,0.0005774773008669193,294471966.0,,,
3,5,3,,TOI-763 b,2.28,5.6057,5450.0,177.7372119260376,,1.0,,3.7321982656936776,32.4106418416248,,,,,,
3,5,3,,K2-285 b,2.59,3.471745,4975.0,234.31,,1.0,,4.636865941047357,30.201028115508862,,,,,,
3,5,3,spoc,2102.01,2.287659,6.706053999999999,5292.0,100.778543,808.093788,0.0,12.229,2.123454131308077,25.393261339047235,102146.65697329883,0.0002485961077089879,289590465.0,,,
3,5,4,spoc,1473.01,2.49336,5.255294,5958.0,299.625751,1061.120081,0.0,8.844,2.3622450732321285,97.25843389213215,3653.08706042042,0.02662362880586236,352413427.0,1.0,1.0,
3,5,4,spoc,266.01,2.407741,10.767807000000001,5784.0,104.770454,815.979892,0.0,10.07,2.0463466734692264,48.271159774097804,15057.452663616417,0.003205798540594867,164767175.0,2.0,2.0,
3,5,4,spoc,1269.01,2.375506,4.252905999999999,5591.0,231.207632,994.535503,0.0,11.618,3.3573020641543914,38.580230217980635,23277.111733421978,0.0016574320156132593,198241702.0,3.0,3.0,
3,5,4,spoc,1269.02,2.21196,9.237558,5591.0,82.194028,767.944467,0.0,11.618,2.296338389772766,27.15200023535891,49755.16302405648,0.0005457122152776586,198241702.0,,4.0,
3,5,4,spoc,1753.01,2.3844849999999997,5.3845019999999995,5700.0,238.003147,1001.764009,0.0,11.831,2.277633958414311,25.060447476376034,61537.814397712835,0.000407236554005848,289580577.0,,5.0,
3,5,4,,Kepler-19 b,2.209,9.28716,5544.0,93.537,,1.0,,2.667781510238364,13.371355055869591,,,,,,
3,5,5,,HD 106315 b,2.44,9.55237,6327.0,240.0,,1.0,,3.591696942370218,23.641838398226394,,,,1.0,1.0,
3,6,3,spoc,2111.01,2.458628,1.269342,5477.0,1427.166029,1567.61126,0.0,9.83,4.045549186199093,107.64839850916616,3088.552263598623,0.03485399932450544,356235833.0,1.0,1.0,
3,6,3,spoc,1783.01,2.282278,1.419866,5406.0,1263.183253,1520.4997019999998,0.0,9.919,3.4700550657786797,89.72053680359213,4556.5610455895385,0.019690405967552196,229938290.0,2.0,2.0,
3,6,3,spoc,1839.01,2.470334,1.424817,5382.69,920.9755779999999,1405.017644,0.0,10.9,3.9823791938596056,74.3769889267469,8539.347865290754,0.008709914398623045,381714186.0,3.0,3.0,
3,6,3,spoc,1346.02,2.12006,1.762256,4965.0,468.540893,1186.606232,0.0,11.693,3.1351139711475433,51.32243642572204,28602.451601356403,0.001794336972963821,219852882.0,,5.0,
3,6,3,spoc,506.01,2.582442,2.774207,5280.0,444.23102800000004,1170.905839,0.0,11.054,3.508205430312514,49.946920568313374,12680.60262852506,0.003938844393401115,274138511.0,,4.0,
3,6,3,spoc,494.01,2.329152,1.701876,4985.0,529.648142,1223.535608,0.0,10.845999999999998,2.004816225553779,40.002137261437554,32059.79855310023,0.0012477351407926825,19519368.0,,,
3,6,4,,HD 86226 c,2.16,3.9844199999999996,5863.0,476.84467224499,,1.0,,2.89112391000428,88.66354527571731,,,,3.0,5.0,
3,6,4,spoc,1727.01,2.27447,1.8327919999999998,5566.0,989.31202,1430.385408,0.0,10.312,3.0774535420668814,61.936222035327106,8320.068757270266,0.007444195936626824,241225337.0,2.0,1.0,
3,6,4,spoc,1669.01,2.248112,2.6794849999999997,5550.0,692.189753,1308.205712,0.0,10.218,2.6653802829503914,52.04444941124072,10171.653672788236,0.005116616342382249,428679607.0,1.0,2.0,
3,6,4,spoc,1610.01,2.5495919999999996,2.528739,5740.2,1017.612067,1440.506797,0.0,10.99,3.266454039755634,36.332828400227456,13789.763644180011,0.002634768030673374,219776325.0,,4.0,
3,6,4,spoc,1290.01,2.421951,5.400569,5875.23,447.06645999999995,1172.769795,0.0,10.077,2.264213883646124,35.91220026331714,12378.699721590941,0.002901128637984411,417676622.0,,3.0,
3,6,4,,Kepler-68 b,2.354,5.3988,5793.0,439.917,,1.0,,2.653772578631433,28.02852229103816,,,,,,
3,6,5,spoc,2301.01,2.5813900000000003,6.054114,6187.0,721.212923,1321.7083220000002,0.0,8.86,2.2620866138088638,45.544481191896274,4042.885732749891,0.011265339710929159,283829553.0,1.0,1.0,
3,6,5,spoc,2284.01,2.569292,4.968923,6109.0,510.564562,1212.362282,0.0,10.406,2.443833036606188,36.582388443367606,14386.888020212033,0.002542758961630429,115446313.0,2.0,2.0,
3,6,5,spoc,1445.02,2.401278,4.784248000000001,6240.0,438.80578899999995,1167.314383,0.0,10.931,2.134906013655526,30.072381666005718,30574.010127968744,0.0009835929778310585,259172391.0,3.0,3.0,
3,7,4,spoc,2265.01,2.4799189999999998,0.829408,5951.67,4983.613208,2142.9193760000003,0.0,9.706,2.615388780099113,59.58481333011692,6592.3068422371525,0.009038537609984236,310231275.0,1.0,1.0,
3,7,5,spoc,638.01,1.940277,0.49382600000000004,6030.0,8648.339203,2459.534554,0.0,9.475,3.33346348375405,98.19554456739691,3280.3374503527502,0.02993458632033039,78154865.0,1.0,1.0,
3,7,5,spoc,2262.01,1.956416,1.493765,6328.0,3092.417143,1901.9288559999998,0.0,10.977,2.1713424239802435,27.399930006020995,30835.663003740014,0.0008885792403003528,165530380.0,2.0,2.0,
4,2,1,spoc,1806.01,3.4095370000000003,15.145469,3272.0,2.147297,308.73990299999997,0.0,15.193,5.575863319157528,59.90602469370576,227135.8504850204,0.000263745351364762,166648874.0,1.0,1.0,
4,2,2,spoc,1759.01,3.279929,18.8481,3960.0,2.485872,320.250225,0.0,11.93,3.623382787333998,82.48605031728326,26636.76580934402,0.003096699160389346,408636441.0,1.0,1.0,
4,3,1,spoc,2015.01,3.378514,3.3458900000000003,3223.0,11.700891,471.709347,0.0,16.11,10.773560840827352,127.23878295027295,141576.57087814857,0.0008987276790294928,368287008.0,1.0,2.0,
4,3,1,spoc,2406.01,2.821595,3.0768560000000003,3163.0,6.6971169999999995,410.290745,0.0,,12.235271243731873,118.48810394391084,,,212957629.0,3.0,5.0,
4,3,1,spoc,1696.01,2.968968,2.500715,3181.0,13.806706,491.634409,0.0,16.82,10.736980446746486,89.6082777133152,274123.0793460775,0.0003268906723471674,470381900.0,2.0,4.0,
4,3,1,spoc,1474.01,3.721602,5.222621,3453.0,2.790858,329.65084900000005,0.0,16.502,12.500257508289799,84.25546888528086,150894.01237426695,0.0005583751638620324,427654774.0,,3.0,
4,3,1,spoc,1745.01,3.6638260000000002,5.985115,3759.0,13.818921,491.74310499999996,0.0,14.523,8.233759565816447,71.49417796175908,56197.055930880226,0.0012722050430843494,232635922.0,,1.0,
4,3,2,spoc,2443.01,2.686889,15.669232000000001,4214.44,13.293118,486.997196,0.0,9.51,2.603889888930681,111.2397763931858,5552.194809749026,0.020035279777622598,318753380.0,1.0,1.0,
4,3,2,,K2-266 e,2.73,19.482,4285.0,9.581,,1.0,,4.359894506934392,21.37850219032003,,,,2.0,2.0,
4,3,2,,Kepler-26 b,2.78,12.28,3914.0,7.6,,1.0,,2.1438374306885075,19.89048131539433,,,,3.0,3.0,
4,3,2,,Kepler-26 c,2.72,17.2559,3914.0,4.82,,1.0,,2.3177530520955942,13.521038442328392,,,,,4.0,
4,3,3,spoc,1246.04,3.321207,37.917995,5141.0,10.809572,462.45755,0.0,11.632,2.316578986283699,24.40634232682495,49523.99842889249,0.0004928184940856108,230127302.0,1.0,1.0,
4,3,3,spoc,2089.01,3.3488660000000006,49.994324,5274.27,6.384106,405.41029100000003,0.0,12.281,2.0853483338833767,21.82269002898011,111109.88740727426,0.00019640637334991483,341815197.0,2.0,2.0,
4,3,3,,Kepler-411 d,3.319,58.02035,4832.69,4.197614168197998,,1.0,,2.759864892071401,13.590853427708813,,,,3.0,3.0,
4,3,4,spoc,1277.02,3.549235,37.074384,5544.0,13.348885999999998,487.50716500000004,0.0,10.366,2.4164550631683674,49.80180540707475,14182.48978889233,0.0035114994721222596,153949511.0,1.0,1.0,
4,4,1,,GJ 1214 b,2.847,1.58040456,3026.0,18.293980326363663,,1.0,,12.197232372804232,630.0553186459698,,,,3.0,3.0,
4,4,1,spoc,620.01,2.729669,5.0983730000000005,3633.0,15.711623999999999,507.77933099999996,0.0,12.262,4.7598017630335185,146.33718237237758,20957.148711649075,0.006982685688107741,296739893.0,1.0,1.0,
4,4,1,spoc,1245.01,2.722671,4.820419,3692.0,22.635282,556.309181,0.0,14.37,4.6139746345609485,47.917645763790276,155438.8308186154,0.0003082733285591058,229781583.0,2.0,2.0,
4,4,2,spoc,2134.01,3.0022900000000003,9.229281,4406.0,34.511126000000004,618.172287,0.0,8.933,3.6418281301532973,187.3545686953364,1668.2880306379052,0.1123034903173749,75878355.0,1.0,1.0,
4,4,2,,K2-266 d,2.93,14.697000000000001,4285.0,13.95,,1.0,,2.9807912673401646,47.38918773842685,,,,3.0,4.0,
4,4,2,spoc,1738.01,3.586413,3.697386,3948.0,59.791252,709.21704,0.0,14.066,7.01739724496689,44.405084798184625,50787.613064455516,0.0008743290365276528,104208182.0,2.0,2.0,
4,4,2,spoc,1697.01,3.6895839999999995,10.716396000000001,4067.0,19.937409,538.935671,0.0,12.5001,5.172101478039021,,22101.19984915518,,1884091865.0,,3.0,
4,4,3,spoc,560.01,2.847985,6.397438,4695.0,66.24463100000001,727.624679,0.0,9.67,4.599971755345788,184.41597318226363,2061.5771698002627,0.08945382975895629,101011575.0,2.0,1.0,
4,4,3,spoc,2076.01,2.8894,10.355753,5149.6,48.122862,671.749903,0.0,9.139,2.8229171562790287,130.6772150518654,3356.7087441587937,0.03893016195678714,27491137.0,1.0,2.0,
4,4,3,spoc,1180.01,2.8472049999999998,9.692136999999999,4738.1,35.3448,621.872185,0.0,11.017,3.0963338127176208,63.96897665366943,15733.10262147904,0.004065884408987337,158002130.0,3.0,4.0,
4,4,3,spoc,1280.01,3.190591,9.692664,4665.0,36.425670000000004,626.572944,0.0,11.5833,3.79214997931677,57.38917690796781,17670.91002392271,0.0032476639194175564,230017324.0,,,
4,4,3,spoc,1803.02,3.132298,6.294392,4868.61,62.66729599999999,717.595966,0.0,11.871,4.05265663545649,56.972489398193424,20166.489635563557,0.0028251069188423637,144401492.0,,,
4,4,3,spoc,1758.01,3.4877059999999998,20.705132,5169.0,20.749894,544.344352,0.0,10.794,3.0519683067781322,56.79830591010117,13187.117852907208,0.004307105354152843,367858035.0,,3.0,
4,4,3,spoc,561.03,2.842121,16.37165,5391.0,38.003128000000004,633.249107,0.0,10.252,2.2355636769673803,52.46088367085281,14918.8668147561,0.003516412092302096,377064495.0,,5.0,
4,4,3,,K2-285 c,3.53,7.1380479999999995,4975.0,50.35,,1.0,,5.906787664018826,37.71129039746712,,,,,,
4,4,3,spoc,1464.01,2.737991,11.312334,5290.0,56.115337,698.055806,0.0,11.371,2.421119851668709,33.515726806894385,35651.46238734787,0.000940094025954699,229944666.0,,,
4,4,3,spoc,1812.02,3.05687,11.613237,5059.36,35.682196000000005,623.350977,0.0,12.431,3.0507616882563373,32.0459362823165,59606.46390987248,0.0005376251866034416,207425167.0,,,
4,4,3,spoc,1805.01,3.11764,24.073068,5232.43,19.884164000000002,538.575488,0.0,11.513,2.3751919821546292,30.74364407055297,42219.44200117723,0.0007281868876830662,165763244.0,,,
4,4,3,spoc,1246.01,3.3053730000000003,18.660326,5141.0,27.821252,585.7521849999999,0.0,11.632,2.9104548114503825,30.721798359212972,31375.322955240634,0.0009791707452076282,230127302.0,,,
4,4,3,,K2-32 d,3.27,31.7142,5415.0,14.5,,1.0,,2.304999598716382,28.33119937940746,,,,,,
4,4,3,,TOI-125 d,2.93,19.98,5320.0,26.7,,1.0,,3.550247498078475,26.76780032251023,,,,,,
4,4,3,spoc,1750.01,2.7520330000000004,11.337044,4765.0,33.35327,612.92079,0.0,12.645,2.7330901461383807,25.892597010591263,90448.63424482344,0.0002862685238619084,237099296.0,,,
4,4,3,,KOI-142 b,3.438,10.91647,5466.0,68.563,,1.0,,2.7617853241448493,22.928747130030807,,,,,,
4,4,3,,Kepler-305 c,3.3,8.291,5100.0,65.1,,1.0,,2.11634684615596,13.761371097558946,,,,,,
4,4,3,,Kepler-80 c,2.74,9.52355,4540.0,36.482,,1.0,,2.512439146182634,13.687952091191265,,,,,,
4,4,4,spoc,2141.01,3.6090430000000002,18.258947,5674.0,44.347244,658.167463,0.0,9.46,3.0770639196879896,85.21115219722483,3796.9675922672945,0.022441896099076906,287256467.0,2.0,1.0,
4,4,4,spoc,1339.02,3.0339509999999996,28.580332000000002,5555.7,20.849989,544.99963,0.0,8.97,2.048272303698305,81.55077181667767,5456.756079965154,0.01494491793688503,269701147.0,1.0,2.0,
4,4,4,,HD 3167 c,2.86,29.83832,5528.0,16.6,,1.0,,2.1092751429687,72.28177438890476,,,,3.0,,
4,4,4,spoc,1691.01,3.4951239999999997,16.736716,5759.0,59.326043000000006,707.833472,0.0,10.134,2.9586769944758746,56.81745134373361,7640.377492842983,0.007436471744616881,268334473.0,,3.0,
4,4,4,spoc,518.01,3.618524,17.878970000000002,5596.0,63.765593,720.7196299999999,0.0,10.905,3.15457493570114,34.885261590503816,13671.879736479059,0.0025516068209277473,264979636.0,,4.0,
4,4,4,spoc,1261.01,3.418904,18.059105,5897.0,58.117731000000006,704.201446,0.0,11.207,2.7088620800520378,33.55939756201628,24487.031429891387,0.0013704967732858884,356311210.0,,5.0,
4,4,5,spoc,254.01,3.283981,20.186539,6101.0,55.743317000000005,696.895969,0.0,10.263,2.327417563176648,43.872962182798304,13904.690025666541,0.0031552635910483155,49687222.0,1.0,1.0,
4,5,1,spoc,278.01,3.044221,0.298769,2955.0,188.299142,944.782487,0.0,16.45,15.555248690365179,233.32318588597116,92887.22928885712,0.002511897358466703,244161191.0,2.0,1.0,
4,5,1,spoc,1639.01,3.4348129999999997,0.901465,3896.0,325.547024,1083.360962,0.0,14.382,10.94834879490179,61.892658663019766,27913.39598442159,0.0022173102369042424,348673213.0,1.0,2.0,
4,5,2,spoc,1201.01,3.038206,2.491115,3948.0,81.910736,767.281907,0.0,12.26,5.937990262279404,106.9269001380136,13440.980904560838,0.007955289937338636,29960110.0,2.0,1.0,
4,5,2,spoc,2133.01,2.8996020000000002,3.8271830000000002,4175.0,81.092345,765.358157,0.0,12.008,4.795850221237387,64.82420589907419,16337.2405539459,0.003967879745971992,39200363.0,1.0,2.0,
4,5,2,spoc,484.01,3.153407,4.730624,4425.0,72.209458,743.478254,0.0,12.635,5.1352860674469065,47.05728529096534,25385.20314432634,0.0018537289232401816,427348923.0,3.0,3.0,
4,5,3,,K2-36 c,3.2,5.340888,4916.0,90.0,,1.0,,3.344946957761764,87.35206585731756,,,,3.0,,
4,5,3,spoc,1413.01,3.718569,6.116688,5427.0,149.079483,891.198032,0.0,10.849,4.8729164162992555,79.11948171679315,5441.667503042633,0.014539565615237348,119700084.0,1.0,1.0,
4,5,3,spoc,2016.01,3.264354,6.817513000000001,5175.0,99.17384200000001,804.857573,0.0,11.162,3.9306298544493226,60.41448749653302,11157.981302817645,0.005414463947997205,219508169.0,2.0,3.0,
4,5,3,,TOI-125 c,2.759,9.15059,5320.0,77.59,,1.0,,2.2453396510861867,59.47563670370234,,,,,,
4,5,3,spoc,1631.01,3.677997,7.626094999999999,5473.0,129.4418,860.2771449999999,0.0,11.458,4.403553514545077,58.27571653911609,11676.24957275004,0.004990961881726098,29054413.0,,4.0,
4,5,3,,Kepler-94 b,3.51,2.50806,4781.0,216.09400000000002,,1.0,,5.881803066767312,56.196681350913316,,,,,,
4,5,3,,TOI-125 b,2.7260000000000004,4.65382,5320.0,185.0,,1.0,,4.030620979075788,49.3732698235579,,,,,,
4,5,3,spoc,1804.01,3.008378,4.926312,5428.81,282.47934300000003,1045.6020429999999,0.0,10.634,3.650389104735886,47.58258623947133,7954.8428991449855,0.005981587171832856,148679712.0,,2.0,
4,5,3,spoc,462.01,2.807559,4.106841999999999,5205.0,238.54239700000002,1002.330958,0.0,11.658,3.6030133349126063,43.82483255673037,20969.022576334177,0.0020899797497567416,420049884.0,,,
4,5,3,spoc,2092.01,3.189379,4.303042,5468.73,340.475833,1095.5730039999999,0.0,11.295,4.188022557242216,43.65333200601486,11109.433198120052,0.003929393266742169,393965778.0,,5.0,
4,5,3,spoc,1246.02,2.9199319999999997,4.307437,5141.0,196.47640900000002,954.876824,0.0,11.632,3.842847388253075,42.626336232551076,17997.146464363806,0.0023685052692634127,230127302.0,,,
4,5,3,spoc,1246.03,2.7732509999999997,5.9041440000000005,5141.0,129.040606,859.609781,0.0,11.632,3.169239676561008,35.88668782316085,26460.60425610665,0.0013562308508082849,230127302.0,,,
4,5,3,,Kepler-20 c,3.047,10.85409089,5495.0,77.023,,1.0,,3.817219617188876,14.6340094208555,,,,,,
4,5,3,,K2-105 b,3.37,8.267704,5464.0,104.13447876669628,,1.0,,9.5679743468541,13.678231039892326,,,,,,
4,5,3,,EPIC 249893012 c,3.67,15.624,5430.0,160.0,,1.0,,3.6387902427607752,12.965576750767735,,,,,,
4,5,3,,Kepler-305 b,3.6,5.487,5100.0,112.914,,1.0,,4.249934260945455,11.715117767798608,,,,,,
4,5,4,spoc,1339.01,3.23381,8.880251,5555.7,99.074489,804.655919,0.0,8.97,3.370557926619539,130.8156801275466,2015.1451586999162,0.06491625655987145,269701147.0,2.0,1.0,
4,5,4,spoc,509.01,2.9363,9.059881535,5560.26,135.5821,948.478,0.0,8.58,2.7690196222898686,115.82370582276435,2084.7686111674047,0.055557103652815805,453211454.0,1.0,2.0,
4,5,4,spoc,1136.02,3.00227,6.256742,5729.0,210.125477,971.045159,0.0,9.534,3.1762260361718453,87.25756807056337,3814.934829994643,0.022872623507093015,142276270.0,3.0,3.0,
4,5,4,spoc,1723.01,3.668968,13.726345000000002,5777.0,91.488656,788.790301,0.0,9.664,3.423893161383662,71.00956926214138,3700.577612186842,0.019188779888926193,71431780.0,,4.0,
4,5,4,spoc,1687.01,3.6604330000000003,10.259582,5734.0,106.74758899999999,819.802557,0.0,10.507,3.7847525192797202,63.68573987980487,6583.168219475018,0.00967402590312109,103448870.0,,5.0,
4,5,4,spoc,1716.01,2.7416669999999996,8.088417,5878.6,251.439553,1015.61276,0.0,9.406,2.4491829800738083,52.7093976365114,5702.528450450985,0.00924316258910429,14336130.0,,,
4,5,4,spoc,2268.01,3.126306,7.156602,5910.35,253.75285099999996,1017.940707,0.0,10.581,3.1597491174389942,40.61279758471639,10111.247098239533,0.004016596290262501,20203297.0,,,
4,5,4,spoc,1873.03,2.896515,7.00957,5699.0,171.766399,923.3243779999999,0.0,11.215,2.901238223277687,35.70859841501142,21505.183123571554,0.001660464745165164,328933398.0,,,
4,5,4,spoc,2292.01,2.7962580000000004,7.077142,5781.0,186.21135800000002,942.1526880000001,0.0,11.576,2.6872929811702626,31.777421769668567,34952.63248813173,0.0009091567503666194,236934268.0,,,
4,5,4,spoc,2300.01,2.708669,4.856174,5607.0,179.303014,933.290074,0.0,12.518,2.972948939261571,31.453433261018404,68004.08880022763,0.0004625226779145244,280031353.0,,,
4,5,4,spoc,2071.01,2.732696,5.67395,5873.3,265.301447,1029.330056,0.0,11.541,2.736293786410422,29.820188544678967,32642.580042770518,0.0009135365067836714,198360694.0,,,
4,5,4,,WASP-47 d,3.576,9.03077,5552.0,190.0,,1.0,,3.9257682598272776,25.268530655959285,,,,,,
4,5,4,,Kepler-103 b,3.37,15.9654,5845.0,150.536,,1.0,,2.329939539346694,13.305814119874194,,,,,,
4,5,4,,Kepler-95 b,3.42,11.5231,5699.0,178.832,,1.0,,3.5025815486503444,11.56799986952149,,,,,,
4,5,5,spoc,469.01,3.685246,13.632935,6114.0,89.071512,783.527882,0.0,9.49,3.216821398749017,104.23987215042015,3571.5441908227194,0.029186219344078192,33692729.0,1.0,1.0,
4,5,5,spoc,1404.01,3.259938,6.869728,6051.5,244.61358700000002,1008.648608,0.0,11.202,3.267882137420479,35.632701940651025,16748.547809230877,0.0021275099397580154,352239069.0,2.0,2.0,
4,6,2,,K2-266 b,3.3,0.658524,4285.0,879.5,,1.0,,10.625119456424818,150.56384316155246,,,,1.0,1.0,
4,6,3,spoc,1410.01,2.943638,1.216835,4634.6,565.541505,1243.757952,0.0,11.111,6.752780605842531,117.90818926749516,3606.9875749552907,0.03268882601264759,199444169.0,1.0,1.0,
4,6,3,spoc,2016.02,2.971602,2.458967,5175.0,386.273419,1130.689751,0.0,11.162,4.706687244200173,75.11331528139822,7781.785306218264,0.009652452788870532,219508169.0,2.0,2.0,
4,6,3,,TOI-824 b,2.926,1.392978,4600.0,412.0,,1.0,,13.309443022073133,67.49942270985959,,,,3.0,5.0,
4,6,3,,TOI-132 b,3.42,2.1097019,5397.0,860.0,,1.0,,11.417657590893713,36.570454466211466,,,,,4.0,
4,6,3,,NGTS-4 b,3.18,1.3373508,5143.0,950.8873302649183,,1.0,,14.509811861853509,21.121923613645933,,,,,3.0,
4,6,4,spoc,1797.01,3.213549,3.645428,5922.0,535.519147,1226.9122439999999,0.0,9.182,4.13258563120389,118.4136733302651,1629.5444202687888,0.07266673547366882,368435330.0,1.0,1.0,
4,6,4,spoc,1681.01,3.26185,1.5375590000000001,5672.5,1160.699357,1488.674282,0.0,10.97,5.910641208777345,86.45972528851028,4134.668843725678,0.02091091900133964,321041369.0,2.0,2.0,
4,6,5,spoc,554.01,3.4115919999999997,7.048602000000001,6337.87,416.68239700000004,1152.31453,0.0,6.911339999999999,1.733525460205819,107.53478417053556,1143.8931971682937,0.09400771368930054,407966340.0,1.0,1.0,
4,6,5,spoc,1778.01,2.829971,6.515951,6023.0,414.067919,1150.502709,0.0,8.99,2.6781290994788716,64.38338267635993,3251.2241292803706,0.019802812761053976,39699648.0,2.0,2.0,
4,6,5,spoc,1686.01,3.7172410000000005,6.702137,6141.0,505.62712999999997,1209.4205439999998,0.0,10.411,4.11096243269113,41.10652596327926,5107.670938272377,0.008047998091510408,102672709.0,3.0,3.0,
4,6,5,,Kepler-25 b,2.748,6.238297,6270.0,542.96,,1.0,,2.695978636190586,25.481167346672745,,,,,4.0,
4,7,3,,TOI-849 b,3.444,0.76552414,5373.8,2478.4121001939725,,1.0,,28.73037260705563,21.175667956395426,,,,1.0,1.0,
5,2,4,spoc,2299.01,3.773171,165.001773,5780.0,1.856118,297.694743,0.0,13.23,2.108447704293915,92.00978517752546,260485.9232293278,0.0003532236369507056,362220495.0,1.0,1.0,
5,3,1,spoc,1448.01,3.790708,8.113675,3391.0,5.3486080000000005,387.864419,0.0,15.678,8.553197701698402,70.26491662890861,150887.37566049938,0.0004656779026166281,343628284.0,1.0,1.0,
5,3,2,spoc,2099.01,4.313055,19.509289000000003,4316.0,10.202253,455.820415,0.0,12.224,5.357295126179472,48.82777123944285,15974.187684563001,0.003056666930652669,230386397.0,1.0,1.0,
5,3,3,spoc,2076.02,4.304942,33.689695,5149.6,9.983073,453.352284,0.0,9.139,3.7523014054205013,133.052631825901,1899.8289189974364,0.07003400700738598,27491137.0,1.0,1.0,
5,3,3,,HD 95338 b,3.89,55.086999999999996,5212.0,7.42,,1.0,,8.0901664474053,40.52440294088015,,,,2.0,2.0,
5,3,4,spoc,2253.01,4.4208050000000005,85.42448,5697.0,10.917667999999999,463.60938799999997,0.0,10.497,2.5974729963432854,22.347481782858377,13848.662891828226,0.0016136923800813368,367855829.0,1.0,1.0,
5,4,1,spoc,1796.01,3.764061,2.643973,3456.0,29.430907,594.0468030000001,0.0,10.67,11.360832563926134,747.8383613284109,848.9646512964821,0.8808828025835493,138819293.0,1.0,1.0,
5,4,1,spoc,1256.01,4.087988,1.033244,2972.0,16.777879000000002,516.183377,0.0,17.2,39.29431122952785,565.7679116664889,29043.607896627273,0.019479945937852627,274762761.0,2.0,2.0,
5,4,1,,GJ 436 b,4.17,2.64388312,3479.0,32.86125607969404,,1.0,,16.93675225380751,495.79800342502097,,,,3.0,,
5,4,1,,GJ 3470 b,4.57,3.3366496,3600.0,36.002370463267994,,1.0,,8.98599026383986,310.40213575289005,,,,,5.0,
5,4,1,spoc,516.01,4.183797,1.04855,3109.0,26.919249,580.945626,0.0,17.2,33.22601157694407,269.94137910142825,40621.27045502681,0.00664532093845488,318937509.0,,3.0,
5,4,1,spoc,543.01,3.7472019999999997,0.5308930000000001,3085.0,61.427191,714.019239,0.0,18.17,35.964695933049605,220.25290670801888,84714.38073500697,0.0025999470786074296,53593457.0,,4.0,
5,4,2,spoc,1728.01,4.699432,3.491567,3907.0,57.019625,700.851229,0.0,12.39,11.653890178496896,134.91522488765924,3933.3997323738463,0.034299901883157076,285048486.0,1.0,1.0,
5,4,2,,TOI-1728 b,5.05,3.49151,3980.0,57.78,,1.0,,15.0700405868943,129.77888484839877,,,,2.0,5.0,
5,4,2,,LP 714-47 b,4.7,4.052037,3950.0,42.21993058072445,,1.0,,17.593088677723014,103.34744746102757,,,,3.0,4.0,
5,4,2,spoc,493.01,3.8397120000000005,5.947773000000001,4383.0,52.631891,686.960858,0.0,12.553,6.43093615421904,63.611352157064324,15009.337742818576,0.004238118513090296,19025965.0,,2.0,
5,4,2,spoc,2288.01,4.079063,8.917669,4066.0,17.106417,518.691958,0.0,14.059,6.54900936118885,38.227279095522036,57937.36023130062,0.0006598036041495341,462615350.0,,3.0,
5,4,3,,TOI-421 c,5.09,16.068189999999998,5325.0,34.32,,1.0,,4.645388779701347,166.0594958397489,,,,3.0,,
5,4,3,spoc,2123.01,4.244428,10.316187,5432.0,66.728461,728.949641,0.0,10.237,5.107955943199322,99.55868484214545,2818.4844344418325,0.035323482232344446,105840719.0,1.0,1.0,
5,4,3,spoc,561.01,3.7727760000000004,10.781327000000001,5391.0,66.330454,727.860233,0.0,10.252,4.159027891252227,87.14310034642385,4310.486214901533,0.020216536140439674,377064495.0,2.0,2.0,
5,4,3,spoc,1239.01,4.454297,12.639588,5217.0,39.656858,640.028517,0.0,11.628,5.420160868402651,63.06452970618016,9013.336255569206,0.006996802062855864,154716798.0,,3.0,
5,4,3,spoc,1803.01,4.026665,12.891153,4868.61,24.094820000000002,565.067942,0.0,11.871,4.891033180651729,55.87028619430345,13845.502043743381,0.00403526618376042,144401492.0,,4.0,
5,4,3,spoc,2439.01,5.051034,14.361479000000001,5283.0,50.258209,679.080877,0.0,12.259,6.398167752293996,43.012480852621,11566.41261475169,0.003718739965904666,274194927.0,,5.0,
5,4,3,,Kepler-411 c,4.421,7.834435000000001,4832.69,60.59443409717361,,1.0,,9.343416634844743,32.387065698635226,,,,,,
5,4,4,spoc,1449.01,4.756218,24.71039,5780.0,18.781017000000002,530.9449900000001,0.0,12.52,6.352528198627286,120.63056309986764,14921.645674447987,0.008084266690934561,356158613.0,3.0,3.0,
5,4,4,spoc,1136.03,4.037326999999999,26.321864,5729.0,30.940040000000003,601.519853,0.0,9.534,3.255495070185569,71.37382048505343,3631.4146572629597,0.019654549871440108,142276270.0,1.0,1.0,
5,4,4,spoc,1275.01,4.291723,11.324682000000001,5518.0,59.170609999999996,707.369388,0.0,11.234000000000002,4.979583861394161,62.72412023051592,7428.888237463814,0.008443271486330723,13499636.0,2.0,2.0,
5,4,4,,Kepler-1656 b,5.02,31.578659000000002,5731.0,30.039748964581232,,1.0,,9.657485736599133,15.795998809641913,,,,,5.0,
5,4,4,,K2-10 b,3.84,19.3044,5620.0,54.1,,1.0,,6.816115805074492,12.43915161250866,,,,,4.0,
5,4,5,spoc,1762.01,3.921671,24.149898999999998,6156.0,38.922973,637.046673,0.0,11.344,2.92528363064491,41.82051354054301,23821.766552773992,0.0017555588687302077,435680451.0,1.0,1.0,
5,5,3,,HAT-P-11 b,4.36,4.88780244,4780.0,100.77,,1.0,,11.59747550418559,192.60432348577743,,,,2.0,5.0,
5,5,3,spoc,1718.01,4.042342,5.586947,5378.0,182.580139,937.525594,0.0,8.96,5.858789364051732,174.40792773168545,660.8367052524661,0.263919855458172,257241363.0,1.0,1.0,
5,5,3,,K2-32 b,4.96,8.991828,5415.0,77.7,,1.0,,5.620645096162379,84.40661288967537,,,,3.0,,
5,5,3,spoc,1424.01,4.012561,4.897647,4528.99,95.044646,796.345745,0.0,11.308,7.2264674687157076,80.24217947789242,3776.224645175408,0.021249313009068908,418959198.0,,2.0,
5,5,3,spoc,1272.01,4.289363,3.3159970000000003,4972.7,217.52158300000002,979.4794710000001,0.0,11.758,8.322015336576463,78.39173117043164,4309.758179521729,0.018189357245823726,417948359.0,,3.0,
5,5,3,spoc,1472.01,4.3075980000000005,6.364103,5103.0,110.004112,825.984655,0.0,11.302,6.5903840117276085,71.84524527554501,4515.319480851542,0.0159114422756185,306955329.0,,4.0,
5,5,3,,K2-19 c,4.86,11.90715,5430.0,73.1,,1.0,,4.681550733907171,41.40781661694186,,,,,,
5,5,3,,K2-27 b,4.48,6.7713149999999995,5248.0,116.0,,1.0,,11.480791299101567,22.88978740703289,,,,,,
5,5,4,,HD 219666 b,4.71,6.03607,5527.0,223.10386235481067,,1.0,,6.174218069131017,142.7711513645683,,,,3.0,5.0,
5,5,4,spoc,1471.01,4.282738,20.772024,5625.56,81.617867,766.595136,0.0,9.2,3.96921728454939,102.62148825873498,1795.974551122871,0.057139722940157726,306263608.0,1.0,1.0,
5,5,4,spoc,2181.01,4.9799690000000005,8.383866000000001,5574.0,111.943929,829.6021820000001,0.0,12.779000000000002,7.002336614685812,34.908286198866335,15589.204628043371,0.0022392602465471476,233068569.0,2.0,2.0,
5,5,4,,CoRoT-22 b,4.88,9.755980000000001,5939.0,170.52145697880766,,1.0,,3.4323501875739133,27.916964677071885,,,,,4.0,
5,5,4,spoc,1439.01,4.055075,27.643024,5873.0,84.302214,772.822033,0.0,10.55,3.1573244483717615,20.905849514454317,9841.731242629123,0.0021242044716585375,232982558.0,,3.0,
5,5,5,spoc,1415.01,4.783583,14.419357999999999,6383.0,186.899216,943.0215539999999,0.0,8.86,4.598778311377298,83.1499479683019,978.19396082051,0.08500353845831929,148782377.0,1.0,1.0,
5,5,5,,HD 106315 c,4.35,21.05704,6327.0,83.0,,1.0,,3.329231530322456,77.87625526219799,,,,3.0,5.0,
5,5,5,spoc,1722.01,4.431151,9.606666,6137.0,175.792796,928.6883939999999,0.0,10.025,4.8840087775977565,74.88226049103216,2536.045579048008,0.029527174554623652,85242435.0,2.0,3.0,
5,5,5,spoc,1258.01,4.349677,10.261267,6124.0,297.674139,1059.387944,0.0,9.634,4.677662987894855,53.945223200464184,1928.6439903578018,0.02797054483365604,288132261.0,,4.0,
5,5,5,spoc,2272.01,5.151994999999999,32.823682,6258.0,206.96421899999999,967.3721199999999,0.0,8.664,4.093041585305418,31.000056312204308,1030.902545580204,0.03007079228304467,265460043.0,,2.0,
5,5,5,,KOI-94 c,4.32,10.423648,6182.0,268.219,,1.0,,3.880567332361326,16.941438426345517,,,,,,
5,6,3,spoc,1179.01,4.955913,1.2615239999999999,4927.9,708.171641,1315.69245,0.0,10.879,14.844672947156907,209.4532932894839,602.7936360057619,0.3474709764312804,148914726.0,1.0,1.0,
5,6,4,spoc,1622.01,4.606829,1.714019,5932.2,1384.314474,1555.7092699999998,0.0,9.92,9.659885306270771,172.86978194617453,588.5264503323887,0.29373324146865604,388076005.0,1.0,1.0,
5,6,4,spoc,669.01,3.8422419999999997,3.9486779999999997,5581.9,641.234094,1283.435066,0.0,10.606,7.619698469818915,66.39005324059086,1779.2392685054413,0.03731372975842559,124573851.0,3.0,3.0,
5,6,4,spoc,1592.01,4.821769000000001,5.631807,5669.9,474.491912,1190.356241,0.0,10.337,7.423241758823291,60.9874525597147,1463.2640964138218,0.041679046666410514,186599508.0,2.0,2.0,
5,6,4,spoc,1253.01,4.540067,4.675643,5779.0,636.9417900000001,1281.281884,0.0,10.668,2.220753565144498,40.712552263308574,22177.326496410835,0.0018357736794783388,233684822.0,,5.0,
5,6,4,spoc,2437.01,4.106255,5.1660129999999995,5927.0,381.06170499999996,1126.856402,0.0,11.599,5.582081227416299,36.41903991979662,8274.040123231154,0.00440160301102992,251094370.0,,4.0,
5,6,4,,Kepler-4 b,4.002,3.21346,5857.0,1245.431,,1.0,,9.304416180776602,13.071986796649576,,,,,,
5,6,5,spoc,1288.01,4.721018,2.69983,6180.0,691.875275,1308.057099,0.0,10.445,8.276751081362704,146.45879144196365,1300.1400532524628,0.11264847281304709,365733349.0,1.0,1.0,
5,7,3,,LTT 9779 b,4.72,0.7920520000000001,5443.0,3014.4458995198524,,1.0,,24.164033807509327,192.9524061032989,,,,2.0,2.0,
5,7,3,spoc,1713.01,4.65369,0.5572010000000001,5097.6,3415.825831,1949.816221,0.0,11.436,16.906352233414328,156.07759829536954,776.2651697459522,0.20106221994534285,15863518.0,1.0,1.0,
5,7,5,spoc,1598.01,3.7806919999999997,1.103694,6011.0,8050.412440000001,2415.874013,0.0,9.145001,7.5956544516168165,103.36093441099159,466.2082213546713,0.22170551628337545,67418624.0,1.0,1.0,
6,2,4,,Kepler-47 d,7.04,187.36599999999999,5636.0,2.0019050047873117,,1.0,,2.188013241427796,12.712943874939569,,,,1.0,1.0,
6,3,1,spoc,529.01,6.982289999999999,1.665878,3021.0,10.912114,463.550412,0.0,17.42,79.0734096786934,564.9789530623226,8783.123590174473,0.0643255155482902,438490744.0,3.0,1.0,
6,3,1,spoc,1646.01,6.934714,3.623909,3514.0,4.616839,373.857364,0.0,15.263,29.332841476313693,163.4051671115231,8753.901505685028,0.018666553079835686,387527558.0,2.0,2.0,
6,3,1,spoc,526.01,6.21451,7.699087,3617.0,8.721305000000001,438.293584,0.0,14.307,17.034720544572075,133.40249843156266,10760.6845331363,0.012397213023090202,200593988.0,1.0,3.0,
6,3,3,,Kepler-396 c,5.3,88.505,5384.0,5.244,,1.0,,2.625829096970698,23.210502344773275,,,,1.0,1.0,
6,3,4,spoc,2295.01,5.18009,100.11479399999999,5660.0,11.129472,465.84172800000005,0.0,9.595,3.236213903488554,33.71995553483938,3887.18748174583,0.008674640905072818,48018596.0,1.0,1.0,
6,3,4,,Kepler-82 c,5.34,51.54,5529.0,8.035,,1.0,,2.547942274016,12.860909669439375,,,,2.0,2.0,
6,3,5,,TOI-1338 b,6.85,95.17399999999999,6050.0,11.77751712974082,,1.0,,4.267819603109853,21.098492923740803,,,,1.0,1.0,
6,4,1,spoc,538.01,5.984065,1.6699650000000001,3411.0,37.793008,632.371973,0.0,16.54,33.061189730910804,145.93314483230202,22339.475403014054,0.006532523356059321,237751146.0,2.0,1.0,
6,4,1,spoc,737.01,6.320436,1.732017,3394.0,34.180732,616.68742,0.0,17.26,36.62870197975296,120.49109862627127,35323.755393331485,0.003411050079035988,219189765.0,3.0,2.0,
6,4,1,spoc,1234.01,5.193676,2.264539,3443.0,34.18739,616.717448,0.0,16.27,21.089586536974632,99.75162641064023,42812.81609519466,0.002329947793876526,90504905.0,1.0,3.0,
6,4,2,spoc,1412.01,6.824999000000001,4.731974,4223.45,53.912502,691.101955,0.0,12.343,18.932282534167097,175.42636413907067,1427.262884391831,0.12291103906469295,116483734.0,1.0,1.0,
6,4,3,,Kepler-18 d,6.98,14.85888,5345.0,51.922,,1.0,,4.360984240177498,56.039804100271596,,,,2.0,2.0,
6,4,3,spoc,2425.01,5.634717,50.693084999999996,5216.0,29.600272999999998,594.899604,0.0,11.95,5.079795144866602,44.08434989315557,13804.399805384448,0.0031934999358653997,248387177.0,1.0,1.0,
6,4,4,spoc,2300.02,6.8365979999999995,15.429723000000001,5607.0,38.385665,634.836687,0.0,12.518,9.758336743203582,65.06539348826529,6311.874056931935,0.01030841124226933,280031353.0,1.0,1.0,
6,4,4,,K2-24 b,5.4,20.889770000000002,5625.0,60.1,,1.0,,4.2244520032872925,62.81397834748086,,,,2.0,2.0,
6,4,5,,KOI-94 e,6.56,54.32031,6182.0,29.7,,1.0,,5.0217817624247445,15.250577132866631,,,,1.0,1.0,
6,5,1,spoc,460.01,6.597836999999999,0.516835,3274.0,118.667639,841.788182,0.0,16.79,69.72174483417882,367.87004075107296,6323.731647699331,0.05817293668445112,9804616.0,1.0,1.0,
6,5,2,spoc,532.01,5.611109,2.326811,3946.0,89.326441,784.08791,0.0,14.413,17.254087246526247,89.57312604569475,11564.475668781366,0.007745541485075711,144700903.0,1.0,1.0,
6,5,3,,HAT-P-26 b,7.062,4.23452,5079.0,159.7126980549386,,1.0,,8.168269040511866,229.57261111799855,,,,3.0,,
6,5,3,spoc,1423.01,6.414552,2.7556529999999997,4993.0,207.238637,967.692625,0.0,11.741,17.554008391436312,185.8880779362178,953.5804153923873,0.1949369711622349,346418409.0,2.0,1.0,
6,5,3,spoc,465.01,5.63586,3.8363169999999998,4910.0,146.636007,887.523592,0.0,11.559,12.478884765335154,132.9829143489227,1595.7262070059874,0.0833369244454752,270380593.0,1.0,3.0,
6,5,3,,HATS-37 A b,6.792999999999998,4.3315366,5326.0,229.7,,1.0,,13.889301736372776,126.15553202198973,,,,,,
6,5,3,spoc,1694.01,5.480027,3.7701300000000004,5058.0,195.28817,953.419593,0.0,11.446,11.926515417913087,116.04850176639216,1574.2829007161006,0.07371515101485553,396740648.0,,4.0,
6,5,3,spoc,1248.01,6.753386999999999,4.360143,5227.0,202.074577,961.607117,0.0,11.806,15.645072095671804,111.53665284270483,1274.5438701835244,0.08751103469403874,232612416.0,,2.0,
6,5,3,,WASP-156 b,5.7170000000000005,3.8361690000000004,4910.0,150.0,,1.0,,18.69978472113305,92.64385668003428,,,,,,
6,5,3,spoc,1765.01,5.920291000000001,3.493918,5203.4,286.624481,1049.416938,0.0,12.478,13.573675272773576,73.29071201747703,3144.235130659128,0.023309551917039057,272672133.0,,5.0,
6,5,3,spoc,1554.01,5.975876,9.435260000000001,5450.4,96.578429,799.5392410000001,0.0,12.02,9.287745268773408,66.96181050917993,4404.426174308401,0.015203299558016662,299158887.0,,,
6,5,3,,HATS-7 b,6.311,3.185315,4985.0,225.71161680120636,,1.0,,18.505318816582264,61.712103864390706,,,,,,
6,5,3,,Kepler-18 c,5.49,7.641589999999999,5345.0,126.081,,1.0,,5.741881428307424,32.26358081657877,,,,,,
6,5,3,,CoRoT-8 b,6.39,6.21229,5080.0,88.21001840658332,,1.0,,26.532586063326878,22.91567680081829,,,,,,
6,5,4,spoc,421.01,6.445067,16.068919,5718.0,74.824872,750.120865,0.0,9.931,8.544845976043407,117.36589211092755,759.8037778468381,0.1544686872228033,94986319.0,1.0,1.0,
6,5,4,spoc,1340.01,5.374472,8.587467,5929.0,152.04295,895.594301,0.0,11.297,7.441676029408806,63.5617051843398,3525.0753748554293,0.018031303851750006,233681149.0,3.0,3.0,
6,5,4,spoc,2019.01,6.086156,15.347453,5588.0,194.754085,952.777282,0.0,10.263,8.04948969646371,43.56909389788592,1162.4471808809578,0.03748049340604636,159781361.0,2.0,2.0,
6,5,4,,CoRoTID 223977153 b,6.3889999999999985,6.718369999999999,5970.0,132.26,,1.0,,15.375627693738652,30.23355439356473,,,,,4.0,
6,5,5,,Kepler-25 c,5.2170000000000005,12.7207,6270.0,210.172,,1.0,,3.71443241484006,71.82676122977209,,,,2.0,4.0,
6,5,5,,EPIC 211945201 b,5.76,19.49221,6069.0,105.43023064854296,,1.0,,5.788108714158797,55.77619457624317,,,,3.0,2.0,
6,5,5,spoc,1237.01,5.26101,12.726356,6212.0,226.94749199999998,989.922275,0.0,10.769,5.884397818604787,38.30231987738489,3466.617097058129,0.011048904105933517,120960812.0,1.0,1.0,
6,5,5,,Kepler-450 b,6.14,28.454851,6263.0,94.325,,1.0,,3.3325573310392875,33.85817234532836,,,,,5.0,
6,5,5,,K2-98 b,5.2,10.136448,6172.0,338.2777532361713,,1.0,,8.440282039423453,14.504632159181053,,,,,3.0,
6,6,2,spoc,2022.01,5.80545,0.44873500000000005,3975.0,928.877466,1408.021727,0.0,13.134,33.24510635722376,245.9553778180463,959.0792011403682,0.2564494960641409,11996814.0,1.0,1.0,
6,6,3,spoc,2410.01,6.3169010000000005,0.7989470000000001,4785.0,1466.191105,1578.219462,0.0,13.21,27.052901702003226,110.87977157305995,1553.396124200394,0.07137894182022309,248391319.0,1.0,1.0,
6,6,3,,K2-39 b,6.277,4.60543,4881.0,1356.0,,1.0,,14.528983444269114,32.125310399357645,,,,2.0,2.0,
6,6,4,spoc,564.01,5.450351,1.6511419999999999,5752.0,1226.219431,1509.252132,0.0,11.097,13.64014106307988,123.02320400389225,872.7145221776144,0.1409661474372196,1003831.0,1.0,1.0,
6,6,4,,HATS-38 b,6.8820000000000014,4.375021,5732.0,464.7,,1.0,,9.956126507671883,98.62289896015915,,,,2.0,2.0,
6,6,5,,WASP-166 b,7.062,5.4435400000000005,6050.0,440.0,,1.0,,10.409782727689628,230.49727831229592,,,,2.0,2.0,
6,6,5,spoc,1795.01,6.000207,2.791791,6071.0,1003.835844,1435.606527,0.0,10.501,12.674946779891366,118.46597546200378,583.7375584156474,0.20294389791114087,135083444.0,1.0,1.0,
6,7,4,spoc,2106.01,5.30279,0.633259,5590.0,4030.7512469999997,2032.199073,0.0,10.52,18.41752529351732,249.3036833597579,281.35029593326533,0.8860971072832684,393911494.0,2.0,2.0,
6,7,4,spoc,680.01,5.741712000000001,0.433716,5967.0,3891.41,2200.0,0.0,9.53,22.328840253519942,173.66479877079473,76.90907585797049,2.258053381001547,335499997.0,1.0,1.0,
7,1,2,,Kepler-16 b,8.449,228.77599999999998,4450.0,0.3552704638703196,,1.0,,14.196089963614495,36.32799185142816,,,,1.0,1.0,
7,2,1,spoc,1632.01,8.047698,8.249187,2990.0,1.15526,264.41720499999997,0.0,15.869000000000002,59.71375012272002,403.22041059632124,3691.146081958844,0.10923989504699778,51024887.0,1.0,1.0,
7,2,3,,Kepler-30 d,8.8,143.34394,5498.0,1.962,,1.0,,2.8465091759770567,21.0890968184848,,,,1.0,1.0,
7,3,1,spoc,1278.01,9.281245,14.476217000000002,3841.0,6.539548,407.855842,0.0,13.502,24.970084158332984,161.84965859666582,2385.9971140884736,0.06783313258888728,163539739.0,1.0,1.0,
7,3,1,spoc,482.01,9.098964,10.8717,3692.0,4.58694,373.250606,0.0,14.937,27.268868606702828,119.2810838194577,7501.976296332853,0.015899954772952984,365639282.0,2.0,2.0,
7,3,1,spoc,530.01,8.128405,6.388488,3688.0,13.295618,487.02009400000003,0.0,15.403,26.978703422633096,104.01025774449424,11772.475039674768,0.008835037440637265,387690507.0,3.0,3.0,
7,3,3,,NGTS-11 b,9.158,35.45533,5050.0,9.965208198548122,,1.0,,23.57460200016953,39.15141855198981,,,,1.0,1.0,
7,4,1,spoc,1779.01,9.925999000000001,1.881719,3138.0,21.193471,547.23047,0.0,15.436,85.40583689611405,773.1370169841363,1210.9740055293375,0.6384422898047136,67646988.0,1.0,1.0,
7,4,1,spoc,507.01,9.812342999999998,0.8994850000000001,3338.0,69.16941700000001,735.526423,0.0,16.3,103.65030828789601,634.6737040789191,1822.085407044603,0.34832269751194095,348538431.0,2.0,2.0,
7,4,1,spoc,519.01,9.497154,1.265223,3225.0,30.804202000000004,600.858545,0.0,17.35,103.40971016739371,419.847181094929,4814.900140288811,0.08719748465432253,218795833.0,3.0,3.0,
7,4,1,,HATS-6 b,11.187,3.3252725,3724.0,42.90499594825318,,1.0,,63.296122203619525,135.82074364538877,,,,,5.0,
7,4,1,spoc,633.01,11.197034,4.503645,3267.0,35.794998,623.8430400000001,0.0,16.677,33.85374905303409,44.88530296402057,24171.098325214447,0.0018569823497510572,348755723.0,,4.0,
7,4,1,,Kepler-45 b,10.76,2.4552389999999997,3820.0,68.37,,1.0,,108.33900360331722,41.48752799487855,,,,,,
7,4,3,,HATS-72 b,8.097000000000001,7.3279474,4656.1,49.58,,1.0,,16.213131253458535,179.5659165942947,,,,2.0,4.0,
7,4,3,spoc,1775.01,8.074810000000001,10.240374000000001,5251.0,60.479059,711.247913,0.0,11.648,15.864991261837194,122.32312157107975,1071.593946898004,0.1141506276002907,9348006.0,1.0,1.0,
7,4,3,,WASP-84 b,10.559,8.5234865,5314.0,67.7961745255115,,1.0,,77.69537469554521,117.88106411198721,,,,3.0,,
7,4,3,,TOI-216.02,7.69,17.089000000000002,5026.0,25.9,,1.0,,8.18691070435459,109.87633274965206,,,,,,
7,4,3,,WASP-132 b,9.752,7.133521000000001,4775.0,56.35909999400192,,1.0,,50.319303644776646,101.3475867193499,,,,,,
7,4,3,spoc,1274.01,9.146268,19.320335999999998,4968.1,17.075047,518.4540000000001,0.0,12.784,17.93679413105395,83.39601202928472,2386.8233568064834,0.034940169238525776,459969957.0,,2.0,
7,4,3,,EPIC 246193072 b,8.676,12.4551225,5282.0,45.7,,1.0,,24.49858940095832,56.97003958164524,,,,,3.0,
7,4,3,,K2-139 b,9.11,28.380619,5370.0,17.90845843416296,,1.0,,26.544115609406642,48.21497992058789,,,,,5.0,
7,4,3,,WASP-59 b,8.687000000000001,7.9195850000000005,4650.0,32.140473769799144,,1.0,,109.72759282426588,40.00907969170366,,,,,,
7,4,4,,K2-24 c,7.5,42.3391,5625.0,23.4,,1.0,,2.705628586475591,164.06742805600268,,,,1.0,1.0,
7,4,4,,Kepler-9 c,8.08,38.9853,5774.0,18.903,,1.0,,5.574697387107806,36.22158328896147,,,,2.0,4.0,
7,4,4,,Kepler-9 b,8.29,19.23891,5774.0,48.229,,1.0,,10.23952894035065,34.105037959923195,,,,3.0,3.0,
7,4,4,,Kepler-177 c,8.73,49.409259999999996,5732.0,25.4,,1.0,,2.712937885838198,31.70089485160748,,,,,2.0,
7,4,5,spoc,1670.01,11.05342,40.749441999999995,6453.0,39.909847,641.046843,0.0,9.889,3.4343251065608023,85.82337019674131,4525.088909215388,0.01896611799647984,441739020.0,1.0,2.0,
7,4,5,spoc,1859.01,10.610818,63.483408,6415.0,25.888811999999998,575.304513,0.0,10.33,10.716602613774691,70.11934469733298,697.5826535325807,0.1005176151417275,229742722.0,2.0,1.0,
7,5,1,spoc,1638.01,8.637166,0.9150940000000001,3810.0,357.93172999999996,1109.353095,0.0,13.853,48.641752324955625,215.98208243630052,868.743367805449,0.24861436695844646,312862941.0,1.0,1.0,
7,5,2,,WASP-80 b,11.198,3.06785234,4143.0,77.5005611025448,,1.0,,108.3920759626232,321.4400004760118,,,,1.0,4.0,
7,5,2,,K2-295 b,10.054,4.0248669999999995,4444.0,85.48202051980377,,1.0,,52.410530334785825,82.56254433438012,,,,2.0,3.0,
7,5,2,,HAT-P-54 b,10.581,3.799847,4390.0,75.17673006097131,,1.0,,132.1482418479427,71.03013622094376,,,,3.0,1.0,
7,5,2,,HATS-49 b,8.575,4.1480467,4405.0,80.45,,1.0,,56.203927584876716,31.955256150471364,,,,,2.0,
7,5,3,,HAT-P-12 b,10.749,3.2130598,4650.0,139.62823972511472,,1.0,,35.90757534100428,288.75389906583246,,,,2.0,,
7,5,3,,HAT-P-18 b,11.153,5.508023000000001,4803.0,85.82037724573334,,1.0,,27.033471704534694,263.05101783147666,,,,3.0,,
7,5,3,spoc,1844.01,10.690659,3.2129830000000004,4652.87,139.775854,876.955969,0.0,12.665,42.80176627467288,234.11767898289642,375.65272529213945,0.6232290177073163,198108326.0,1.0,1.0,
7,5,3,,WASP-29 b,8.631,3.9227300000000005,4800.0,149.34125008165515,,1.0,,35.34407488226169,212.61059096598098,,,,,,
7,5,3,,WASP-139 b,8.967,5.924262000000001,5310.0,117.5599845540647,,1.0,,13.917502123442665,203.31956480764887,,,,,,
7,5,3,spoc,2127.01,10.72998,5.508068,4790.0,82.240662,768.0533690000001,0.0,12.597,34.95484674756639,183.8098535925102,529.0480542101095,0.3474350810474974,21744120.0,,3.0,
7,5,3,spoc,1251.01,9.945957,5.963058999999999,5273.0,160.614127,907.9578439999999,0.0,11.513,27.274839514059394,183.48504530999105,320.17359947836445,0.57307987169751,233120979.0,,2.0,
7,5,3,,HATS-5 b,10.223,4.763387000000001,5304.0,182.48136930123337,,1.0,,29.88506935262868,127.03023650934344,,,,,,
7,5,3,,WASP-145 A b,10.088,1.7690381000000002,4900.0,350.49556328360825,,1.0,,179.90667952029438,116.95441950008856,,,,,,
7,5,3,,K2-19 b,7.74,7.9194,5430.0,125.9,,1.0,,9.613377243516627,106.90233344405459,,,,,,
7,5,3,,HATS-46 b,10.122,4.7423729,5495.0,204.76772697034363,,1.0,,22.16329820339056,106.40671591272913,,,,,,
7,5,3,,HAT-P-3 b,10.536,2.8997,5185.0,298.14754389167587,,1.0,,89.26964930227535,102.54673817508792,,,,,,
7,5,3,,HD 221416 b,9.17,14.2767,5080.0,342.92133648993683,,1.0,,14.069317606297323,98.73931367550527,,,,,,
7,5,3,,HAT-P-38 b,9.247,4.640382,5330.0,223.47307134470228,,1.0,,35.22304860240599,86.4727059861854,,,,,,
7,5,3,,HATS-48 A b,8.967,3.1316666,4546.0,137.6,,1.0,,41.71042340233709,73.34327733183218,,,,,,
7,5,3,spoc,1832.01,7.447978999999999,4.150941,4652.0,121.860022,847.3933720000001,0.0,13.9025,21.258704404179927,66.34539578108249,4760.322101527931,0.01393716525186131,307956397.0,,4.0,
7,5,3,,WASP-23 b,10.783,2.9444256,5150.0,273.244989810602,,1.0,,148.1891101233183,63.00570659591033,,,,,,
7,5,3,,Kepler-425 b,10.962,3.79701816,5170.0,229.03599999999997,,1.0,,34.240615399203875,58.38373881126317,,,,,,
7,5,3,,WASP-45 b,10.604,3.126089,5150.0,294.0,,1.0,,149.59234689413216,50.355556925631895,,,,,,
7,5,3,,WASP-148 b,8.093,8.80381,5460.0,121.51311701844445,,1.0,,28.6933665881965,37.30401619185474,,,,,,
7,5,3,,WASP-105 b,10.761,7.87288,5070.0,86.52687759595038,,1.0,,199.10401985706704,21.2974077635042,,,,,,
7,5,3,,HATS-22 b,10.682,4.7228124000000005,4803.0,89.9520149710066,,1.0,,399.25773749116263,14.166100498198034,,,,,,
7,5,3,,HAT-P-20 b,9.718,2.875317,4595.0,146.03464397806306,,1.0,,1245.7219094586196,13.01083266290242,,,,,,
7,5,3,,CoRoT-29 b,10.088,2.8505700000000003,5260.0,366.78388687802084,,1.0,,124.55828056649692,12.736569097559958,,,,,5.0,
7,5,4,spoc,1135.01,8.818491999999999,8.027722,5962.7,246.92552999999998,1011.0234949999999,0.0,9.54,16.79872404708656,222.75109718564892,137.13784929678982,1.6242860620015802,154872375.0,1.0,1.0,
7,5,4,,HD 89345 b,7.398,11.8143,5576.0,233.48385835654446,,1.0,,8.906972247628229,114.07146826919701,,,,2.0,4.0,
7,5,4,,WASP-56 b,10.536,4.6171,5600.0,347.03157392247823,,1.0,,69.13467507238919,82.03575347362091,,,,3.0,,
7,5,4,,K2-287 b,9.494,14.893291,5695.0,74.06676014016021,,1.0,,25.073896194112983,81.41679979394979,,,,,,
7,5,4,,K2-261 b,9.528,11.63344,5537.0,213.43501852641148,,1.0,,18.80409456373961,74.48820876141163,,,,,5.0,
7,5,4,spoc,1890.01,10.215659,19.967924,5857.0,78.687882,759.620566,0.0,12.367,16.8573472934175,53.006937777157574,1840.4815060178535,0.02880058158902434,288636599.0,,3.0,
7,5,4,spoc,1828.01,8.474955,9.093595,5759.8,333.316721,1089.767934,0.0,11.975,16.189219096581123,49.28184652769007,1390.7790016602296,0.03543470707341736,232982938.0,,2.0,
7,5,4,,WASP-129 b,10.424,5.748145,5900.0,223.320436670309,,1.0,,113.65873899674624,39.020149064489594,,,,,,
7,5,4,,WASP-130 b,9.976,11.550980000000001,5625.0,80.64750336160753,,1.0,,107.92498897697895,27.752882280939712,,,,,,
7,5,4,,TOI-481 b,11.097,10.33111,5735.0,284.41751614166765,,1.0,,131.06435856510802,23.282888259181572,,,,,,
7,5,4,,Kepler-74 b,10.76,7.340711,6000.0,337.68199999999996,,1.0,,59.10042361780795,13.632079956790975,,,,,,
7,5,5,,HD 332231 b,9.718,18.71204,6089.0,98.09,,1.0,,17.248151439733473,229.22314382634806,,,,3.0,3.0,
7,5,5,spoc,660.01,11.115877000000001,9.290298,6055.0,276.54873599999996,1040.070237,0.0,11.21,23.375511480438703,86.8070167687823,329.75218450494845,0.2632492545852403,53189332.0,2.0,1.0,
7,5,5,spoc,1836.01,8.143295,20.382317,6351.0,153.503045,897.7367380000001,0.0,9.765,10.200427404766899,79.54052402902497,457.5864834790346,0.1738262096910677,207468071.0,1.0,2.0,
7,5,5,,Kepler-117 b,8.059,18.7959228,6150.0,157.541,,1.0,,6.634653573535826,16.668857161922933,,,,,4.0,
7,6,2,,WASP-43 b,10.424,0.813475,4400.0,598.5603613397741,,1.0,,558.1882768457078,88.33122934577112,,,,1.0,1.0,
7,6,3,spoc,1194.01,8.860766,2.310602,5339.9,640.67934,1283.15739,0.0,11.302,29.94829159311329,214.43884402114514,218.65822595044847,0.980703301186302,147950620.0,1.0,1.0,
7,6,3,spoc,1264.01,7.796351,2.744163,5040.0,418.58356499999996,1153.626683,0.0,11.470999999999998,24.238265385428953,180.5483958634745,390.03793969079146,0.4628995733251155,416195870.0,2.0,2.0,
7,6,3,spoc,1780.01,10.611799000000001,1.706307,4974.0,652.774216,1289.170911,0.0,12.97,48.740072448646586,155.8609668024251,383.65210501633186,0.4062559927718634,99834717.0,3.0,3.0,
7,6,3,,XO-2 N b,11.130999999999998,2.61586178,5307.0,515.709204682792,,1.0,,85.35109211791055,134.35553618280778,,,,,,
7,6,3,,WASP-144 b,9.528,2.2783152,5200.0,431.43364717724376,,1.0,,78.34960291008468,69.39843104985646,,,,,,
7,6,3,,K2-60 b,7.6560000000000015,3.00265,5500.0,1212.0,,1.0,,61.353443655617255,22.184093028563986,,,,,5.0,
7,6,3,,CoRoT-28 b,10.705,5.2085099999999995,5150.0,574.5251233381633,,1.0,,56.472717062707204,18.886023363730022,,,,,4.0,
7,6,3,,Kepler-424 b,9.98,3.3118644,5460.0,470.754,,1.0,,139.75191389848092,12.672743880432868,,,,,,
7,6,4,,TOI-954 b,9.55,3.6849729,5710.0,1393.0,,1.0,,20.31089478881155,125.68091529139109,,,,2.0,,
7,6,4,,WASP-182 b,9.528,3.3769848,5638.0,797.0047827223157,,1.0,,19.08014107537021,118.88793480251286,,,,3.0,,
7,6,4,spoc,1837.01,7.823103,5.818224,5961.28,1053.479741,1453.03574,0.0,9.2,15.932085553049559,108.5905384576676,111.47171081624589,0.9741533314822115,144441148.0,1.0,1.0,
7,6,4,spoc,1298.01,9.778794,4.537222,5731.0,731.989213,1326.618104,0.0,11.889,26.561426142318027,85.35881634689584,477.31726897208205,0.17883035434841646,237104103.0,,2.0,
7,6,4,,HATS-8 b,9.785,3.583893,5679.0,507.7721414614933,,1.0,,17.66046914364341,65.64569384895209,,,,,,
7,6,4,spoc,852.01,8.762372000000001,4.9466470000000005,5574.0,816.490221,1363.350421,0.0,11.638,21.942545031535605,58.63406570091032,555.0548855068248,0.10563651853522758,29918916.0,,3.0,
7,6,4,spoc,1878.01,7.815761,3.2349,5976.0,662.357195,1293.876467,0.0,13.492,19.109301118072942,48.6285887424717,4036.642778175873,0.012046790220175631,219762508.0,,5.0,
7,6,4,,HATS-10 b,10.862,3.312846,5880.0,643.9274072028408,,1.0,,67.416925526545,43.29184813132519,,,,,,
7,6,4,,WASP-60 b,9.864,4.305,5900.0,494.1475095267028,,1.0,,61.29886053970214,38.86221483885678,,,,,,
7,6,4,,Kepler-77 b,10.761,3.57878087,5520.0,432.871,,1.0,,59.224445806650714,37.49749108389549,,,,,,
7,6,4,spoc,1241.01,9.180808,4.779966,5826.0,1770.3422030000002,1654.332836,0.0,11.713,22.921235447579125,36.83040379797846,545.0469097706834,0.06757290636410368,159107668.0,,4.0,
7,6,4,,Kepler-15 b,10.76,4.942782,5515.0,430.67699999999996,,1.0,,77.84832240339824,23.524366947255345,,,,,,
7,6,4,,WASP-171 b,10.985,3.8186244,5965.0,1203.7473537998806,,1.0,,127.16915873955372,14.023475485610552,,,,,,
7,6,5,spoc,2024.01,7.966423,2.87593,6084.0,1529.951731,1595.1046529999999,0.0,8.15,20.070907587263214,365.93163270259237,26.703974436662403,13.70326479193291,255930614.0,1.0,1.0,
7,6,5,spoc,485.01,8.411166,1.2645629999999999,6084.0,1027.02,1577.0,0.0,10.594,29.11287962624414,218.948821188462,120.54233416416082,1.8163645387046023,427352241.0,3.0,2.0,
7,6,5,spoc,1784.01,7.197862,2.093578,6435.69,1885.761325,1680.704763,0.0,10.016,17.29982077529942,188.15223204829877,200.45953491666597,0.9386045524176062,241196395.0,2.0,3.0,
7,6,5,,HD 149026 b,8.295,2.87589,6179.0,1314.0990615233993,,1.0,,43.063832920256594,172.87133794895283,,,,,,
7,6,5,spoc,239.01,9.784621000000001,4.1565959999999995,6362.5,941.665501,1412.843034,0.0,11.915,14.136763702812127,86.6775085489849,1725.8773477355992,0.050222287616619045,9725627.0,,5.0,
7,6,5,spoc,2280.01,9.130028,18.601675,6175.0,845.8744039999999,1375.4544740000001,0.0,8.95,13.362461108024272,40.409835907322446,125.87428534327482,0.32103328965975697,115583726.0,,4.0,
7,6,5,spoc,1267.01,9.544744999999999,6.7901229999999995,6378.0,477.526655,1192.255005,0.0,12.003,8.92735967173266,28.151559248451207,4693.143802719837,0.005998443779228844,158561566.0,,,
7,6,5,,WASP-32 b,10.761,2.71866,6140.0,985.8969516035893,,1.0,,477.5965600733725,23.520764515837367,,,,,,
7,7,3,spoc,1254.01,9.238729,1.018003,5451.0,2488.228088,1801.325913,0.0,11.646,41.413159349544884,232.91874146034243,156.97597864923839,1.4837858853601897,236714379.0,1.0,1.0,
7,7,5,spoc,390.01,8.656736,1.470258,6321.46,3333.4085670000004,1937.9469589999999,0.0,10.329,42.91012168070876,329.15529184418284,43.47007946323903,7.571996552767675,250386181.0,1.0,1.0,
